NODE_1_length_27914_cov_39.119961	sp|Q45FA5|SRPK_PHYPO	27.7	458	225	16	11552	10289	33	421	6.3e-24	117.9
NODE_1_length_27914_cov_39.119961	sp|Q9SRM0|ATL66_ARATH	34.6	107	59	5	24548	24851	51	152	3.8e-05	55.5
NODE_2_length_23660_cov_36.714383	sp|Q91196|MX2_ONCMY	30.3	330	211	5	9790	10733	14	339	3.3e-34	151.8
NODE_2_length_23660_cov_36.714383	sp|Q6TN15|MX_SINCH	26.8	452	277	8	9790	11087	13	429	4.3e-34	151.4
NODE_2_length_23660_cov_36.714383	sp|Q6PW23|MX_EPICO	26.7	454	275	8	9790	11087	13	429	4.8e-33	147.9
NODE_2_length_23660_cov_36.714383	sp|Q91192|MX1_ONCMY	29.7	330	213	5	9790	10733	14	339	1.4e-32	146.4
NODE_2_length_23660_cov_36.714383	sp|Q2KTC2|MX_DICLA	27.4	434	265	11	9790	11039	13	413	4.1e-32	144.8
NODE_2_length_23660_cov_36.714383	sp|Q91197|MX3_ONCMY	29.4	330	214	5	9790	10733	14	339	9.0e-32	143.7
NODE_2_length_23660_cov_36.714383	sp|P33238|MX_ANAPL	30.1	345	225	7	9790	10781	111	453	9.0e-32	143.7
NODE_2_length_23660_cov_36.714383	sp|P18588|MX1_RAT	24.2	579	372	13	9727	11387	18	554	4.5e-31	141.4
NODE_2_length_23660_cov_36.714383	sp|Q6TKS7|MX_CTEID	25.6	472	304	9	9790	11153	23	464	1.0e-30	140.2
NODE_2_length_23660_cov_36.714383	sp|Q5U752|MX_SOLSE	26.5	464	289	8	9790	11126	13	442	2.2e-30	139.0
NODE_2_length_23660_cov_36.714383	sp|Q28379|MX1_HORSE	29.4	347	225	6	9790	10781	50	392	2.9e-30	138.7
NODE_2_length_23660_cov_36.714383	sp|Q90597|MX_CHICK	28.9	367	238	8	9727	10781	78	436	6.5e-30	137.5
NODE_2_length_23660_cov_36.714383	sp|P36033|FRE2_YEAST	25.7	358	222	14	14623	13570	240	559	7.2e-13	80.9
NODE_2_length_23660_cov_36.714383	sp|Q4WR75|FREB_ASPFU	23.5	387	224	10	14504	13501	272	638	7.2e-13	80.9
NODE_2_length_23660_cov_36.714383	sp|Q08905|FRE3_YEAST	24.7	430	246	19	14735	13570	167	559	6.1e-12	77.8
NODE_2_length_23660_cov_36.714383	sp|P53746|FRE4_YEAST	26.4	341	205	14	14579	13570	254	552	1.8e-11	76.3
NODE_3_length_23503_cov_39.815848	sp|Q0CZH2|PYTC_ASPTN	30.0	367	162	13	1515	2586	42	323	6.7e-27	127.5
NODE_3_length_23503_cov_39.815848	sp|P9WEZ3|PYTC_ASPTE	29.3	368	163	13	1515	2586	42	323	4.3e-26	124.8
NODE_3_length_23503_cov_39.815848	sp|P36033|FRE2_YEAST	27.9	222	132	8	5225	4566	364	559	2.7e-12	79.0
NODE_3_length_23503_cov_39.815848	sp|Q08905|FRE3_YEAST	27.8	223	133	8	5228	4566	363	559	2.5e-10	72.4
NODE_4_length_23130_cov_41.176555	sp|Q12473|FRE6_YEAST	21.2	312	202	13	7125	6256	285	574	5.6e-10	71.2
NODE_4_length_23130_cov_41.176555	sp|Q08905|FRE3_YEAST	22.8	307	201	13	7137	6262	274	559	1.2e-09	70.1
NODE_4_length_23130_cov_41.176555	sp|P36033|FRE2_YEAST	21.9	311	207	11	7149	6262	270	559	3.1e-08	65.5
NODE_4_length_23130_cov_41.176555	sp|Q5QN75|M2K1_ORYSJ	30.8	159	87	7	20220	19783	113	261	2.2e-06	59.3
NODE_4_length_23130_cov_41.176555	sp|Q3V3A1|CDK15_MOUSE	26.5	185	116	4	20463	19945	55	231	8.3e-06	57.4
NODE_4_length_23130_cov_41.176555	sp|P29619|CDKA2_ORYSJ	28.0	164	102	5	20319	19873	2	164	1.1e-05	57.0
NODE_4_length_23130_cov_41.176555	sp|Q96Q40|CDK15_HUMAN	38.1	84	51	1	20196	19945	151	233	2.4e-05	55.8
NODE_4_length_23130_cov_41.176555	sp|P29618|CDKA1_ORYSJ	28.3	166	100	6	20319	19873	2	165	3.2e-05	55.5
NODE_4_length_23130_cov_41.176555	sp|Q84SN3|CDKF3_ORYSJ	29.1	141	88	4	20319	19927	2	140	3.2e-05	55.5
NODE_4_length_23130_cov_41.176555	sp|Q94A06|M2K1_ARATH	28.4	148	86	6	20190	19783	119	258	3.2e-05	55.5
NODE_4_length_23130_cov_41.176555	sp|Q05006|CDC22_MEDSA	27.3	165	103	6	20319	19873	2	165	5.4e-05	54.7
NODE_4_length_23130_cov_41.176555	sp|Q38773|CDC2B_ANTMA	32.2	115	71	4	20199	19873	39	152	7.1e-05	54.3
NODE_4_length_23130_cov_41.176555	sp|P0DN32|CUPR1_ARTBC	30.1	103	64	2	9389	9081	20	114	9.2e-05	53.9
NODE_6_length_16824_cov_40.318087	sp|G4MWY1|GT2_MAGO7	39.9	439	220	9	12509	13817	41	438	2.9e-77	294.3
NODE_6_length_16824_cov_40.318087	sp|F9WWD1|GT2_ZYMTI	39.7	431	212	10	12509	13793	16	401	8.9e-74	282.7
NODE_6_length_16824_cov_40.318087	sp|Q02592|HMT1_SCHPO	28.1	591	384	12	13997	15713	249	817	1.4e-55	222.2
NODE_6_length_16824_cov_40.318087	sp|Q8T9W2|ABCB5_DICDI	31.5	489	303	12	14319	15713	213	693	1.6e-51	208.8
NODE_6_length_16824_cov_40.318087	sp|Q4PH16|ATM1_USTMA	29.8	484	323	8	14319	15719	250	733	2.4e-50	204.9
NODE_6_length_16824_cov_40.318087	sp|Q2UPC0|ACLQ_ASPOR	29.1	561	358	12	14142	15725	236	789	3.4e-49	201.1
NODE_6_length_16824_cov_40.318087	sp|B0YDH7|MTFA_ASPFC	39.3	318	126	8	10953	11813	52	333	1.4e-47	195.7
NODE_7_length_14743_cov_40.379153	sp|Q9Y6R4|M3K4_HUMAN	27.6	199	114	8	13649	13062	1376	1547	4.1e-06	57.8
NODE_7_length_14743_cov_40.379153	sp|O74426|PPK33_SCHPO	23.3	202	130	3	13817	13211	17	193	4.1e-06	57.8
NODE_7_length_14743_cov_40.379153	sp|Q2V452|CIPK3_ARATH	24.8	157	96	7	13703	13239	32	168	5.3e-06	57.4
NODE_7_length_14743_cov_40.379153	sp|O08648|M3K4_MOUSE	27.1	199	115	8	13649	13062	1365	1536	5.3e-06	57.4
NODE_7_length_14743_cov_40.379153	sp|Q5W736|CIPKI_ORYSJ	26.2	141	89	4	13715	13296	29	155	2.6e-05	55.1
NODE_7_length_14743_cov_40.379153	sp|Q84VQ3|CIPKQ_ARATH	29.7	128	74	5	13673	13296	41	154	3.4e-05	54.7
NODE_7_length_14743_cov_40.379153	sp|Q5XHI9|HUNKA_XENLA	30.1	123	69	4	13634	13275	98	206	4.5e-05	54.3
NODE_7_length_14743_cov_40.379153	sp|Q6VZ17|HUNKB_XENLA	30.1	123	69	4	13634	13275	31	139	4.5e-05	54.3
NODE_7_length_14743_cov_40.379153	sp|Q6X4A2|CIPKV_ORYSJ	25.8	151	95	6	13703	13257	38	173	5.9e-05	53.9
NODE_7_length_14743_cov_40.379153	sp|B1WAS2|HUNK_XENTR	29.3	123	70	4	13634	13275	98	206	5.9e-05	53.9
NODE_7_length_14743_cov_40.379153	sp|Q28021|ROCK2_BOVIN	30.1	123	74	3	13493	13158	167	288	5.9e-05	53.9
NODE_7_length_14743_cov_40.379153	sp|P70336|ROCK2_MOUSE	30.1	123	74	3	13493	13158	167	288	5.9e-05	53.9
NODE_7_length_14743_cov_40.379153	sp|M3TYT0|ROCK2_PIG	30.1	123	74	3	13493	13158	167	288	5.9e-05	53.9
NODE_7_length_14743_cov_40.379153	sp|Q62868|ROCK2_RAT	30.1	123	74	3	13493	13158	167	288	5.9e-05	53.9
NODE_7_length_14743_cov_40.379153	sp|Q8S9D1|PP395_ARATH	25.7	210	117	10	13682	13110	38	227	1.0e-04	53.1
NODE_7_length_14743_cov_40.379153	sp|O75116|ROCK2_HUMAN	28.7	122	77	2	13493	13158	167	288	1.0e-04	53.1
NODE_11_length_12244_cov_40.055788	sp|G4MWY1|GT2_MAGO7	28.3	441	164	9	7790	8826	44	428	2.7e-32	144.4
NODE_11_length_12244_cov_40.055788	sp|I1RB03|GT2_GIBZE	26.9	449	173	8	7790	8826	36	433	1.2e-30	139.0
NODE_12_length_11531_cov_40.622168	sp|Q12N04|CMOA_SHEDO	27.6	192	108	9	8224	7661	57	221	4.2e-06	57.4
NODE_12_length_11531_cov_40.622168	sp|Q8TJK1|ARSM_METAC	33.1	139	77	5	8242	7826	67	189	5.4e-06	57.0
NODE_12_length_11531_cov_40.622168	sp|P67056|MENG_LISIN	28.4	162	90	5	8311	7841	13	153	5.4e-06	57.0
NODE_12_length_11531_cov_40.622168	sp|C1KWN1|MENG_LISMC	28.4	162	90	5	8311	7841	13	153	5.4e-06	57.0
NODE_12_length_11531_cov_40.622168	sp|Q71Y84|MENG_LISMF	28.4	162	90	5	8311	7841	13	153	5.4e-06	57.0
NODE_12_length_11531_cov_40.622168	sp|P67055|MENG_LISMO	28.4	162	90	5	8311	7841	13	153	5.4e-06	57.0
NODE_12_length_11531_cov_40.622168	sp|A0AK43|MENG_LISW6	28.4	162	90	5	8311	7841	13	153	5.4e-06	57.0
NODE_12_length_11531_cov_40.622168	sp|Q2YY85|MENG_STAAB	29.2	154	93	5	8344	7883	13	150	9.3e-06	56.2
NODE_12_length_11531_cov_40.622168	sp|Q1QUG4|CMOA_CHRSD	25.5	161	97	4	8221	7742	83	221	2.1e-05	55.1
NODE_12_length_11531_cov_40.622168	sp|A5WC54|CMOA_PSYWF	23.2	198	124	6	8215	7634	88	261	2.1e-05	55.1
NODE_12_length_11531_cov_40.622168	sp|P49016|MENG_LACLA	26.5	219	136	9	8329	7709	20	225	2.1e-05	55.1
NODE_12_length_11531_cov_40.622168	sp|B8DBZ5|MENG_LISMH	27.8	162	91	5	8311	7841	13	153	2.7e-05	54.7
NODE_12_length_11531_cov_40.622168	sp|A7X2H6|MENG_STAA1	28.6	154	94	5	8344	7883	13	150	7.8e-05	53.1
NODE_12_length_11531_cov_40.622168	sp|A6U1T9|MENG_STAA2	28.6	154	94	5	8344	7883	13	150	7.8e-05	53.1
NODE_12_length_11531_cov_40.622168	sp|A5ISZ9|MENG_STAA9	28.6	154	94	5	8344	7883	13	150	7.8e-05	53.1
NODE_12_length_11531_cov_40.622168	sp|Q5HFV2|MENG_STAAC	28.6	154	94	5	8344	7883	13	150	7.8e-05	53.1
NODE_12_length_11531_cov_40.622168	sp|A6QH20|MENG_STAAE	28.6	154	94	5	8344	7883	13	150	7.8e-05	53.1
NODE_12_length_11531_cov_40.622168	sp|P67061|MENG_STAAM	28.6	154	94	5	8344	7883	13	150	7.8e-05	53.1
NODE_12_length_11531_cov_40.622168	sp|P67062|MENG_STAAN	28.6	154	94	5	8344	7883	13	150	7.8e-05	53.1
NODE_12_length_11531_cov_40.622168	sp|Q6G992|MENG_STAAS	28.6	154	94	5	8344	7883	13	150	7.8e-05	53.1
NODE_12_length_11531_cov_40.622168	sp|A8Z450|MENG_STAAT	28.6	154	94	5	8344	7883	13	150	7.8e-05	53.1
NODE_12_length_11531_cov_40.622168	sp|P67063|MENG_STAAW	28.6	154	94	5	8344	7883	13	150	7.8e-05	53.1
NODE_12_length_11531_cov_40.622168	sp|Q8DDP9|UBIE_VIBVU	25.6	164	105	5	8368	7883	28	176	7.8e-05	53.1
NODE_12_length_11531_cov_40.622168	sp|Q7MQ33|UBIE_VIBVY	25.6	164	105	5	8368	7883	28	176	7.8e-05	53.1
NODE_12_length_11531_cov_40.622168	sp|A1S6P4|CMOA_SHEAM	26.5	166	91	5	8224	7742	57	196	1.0e-04	52.8
NODE_12_length_11531_cov_40.622168	sp|Q74LY0|MENG_LACJO	27.2	147	93	3	8311	7886	20	157	1.0e-04	52.8
NODE_12_length_11531_cov_40.622168	sp|A0A348AXX6|TR03_CURCL	23.2	190	118	4	4107	4628	91	268	8.7e-04	49.7
NODE_14_length_10842_cov_39.056271	sp|Q2JH49|DNAJ_SYNJB	62.2	45	17	0	3814	3680	2	46	3.3e-05	54.3
NODE_14_length_10842_cov_39.056271	sp|Q8DKR7|DNAJ_THEEB	57.8	45	19	0	3814	3680	2	46	5.6e-05	53.5
NODE_14_length_10842_cov_39.056271	sp|Q9NXW2|DJB12_HUMAN	35.4	99	62	1	3973	3677	57	153	7.4e-05	53.1
NODE_14_length_10842_cov_39.056271	sp|Q2JW78|DNAJ_SYNJA	60.0	45	18	0	3814	3680	2	46	7.4e-05	53.1
NODE_14_length_10842_cov_39.056271	sp|B0CAZ0|DNAJ_ACAM1	41.9	62	36	0	3814	3629	2	63	9.6e-05	52.8
NODE_14_length_10842_cov_39.056271	sp|Q921R4|DJC14_MOUSE	53.5	43	20	0	3808	3680	444	486	1.3e-04	52.4
NODE_14_length_10842_cov_39.056271	sp|Q8YUA5|DNAJ_NOSS1	57.8	45	19	0	3814	3680	2	46	1.3e-04	52.4
NODE_14_length_10842_cov_39.056271	sp|Q3MG81|DNAJ_TRIV2	57.8	45	19	0	3814	3680	2	46	1.3e-04	52.4
NODE_14_length_10842_cov_39.056271	sp|Q95J56|DJC14_BOVIN	53.5	43	20	0	3808	3680	444	486	1.6e-04	52.0
NODE_14_length_10842_cov_39.056271	sp|Q6Y2X3|DJC14_HUMAN	53.5	43	20	0	3808	3680	443	485	1.6e-04	52.0
NODE_14_length_10842_cov_39.056271	sp|Q114R3|DNAJ_TRIEI	55.6	45	20	0	3814	3680	2	46	1.6e-04	52.0
NODE_14_length_10842_cov_39.056271	sp|Q58DR2|DJB12_BOVIN	31.9	113	71	2	4015	3677	47	153	2.1e-04	51.6
NODE_14_length_10842_cov_39.056271	sp|Q5XIX0|DJC14_RAT	53.5	43	20	0	3808	3680	444	486	2.1e-04	51.6
NODE_14_length_10842_cov_39.056271	sp|Q7ZXQ8|DJB14_XENLA	31.9	138	92	1	4091	3680	9	144	2.8e-04	51.2
NODE_14_length_10842_cov_39.056271	sp|Q56237|DNAJ2_THET8	61.0	41	16	0	3802	3680	8	48	2.8e-04	51.2
NODE_14_length_10842_cov_39.056271	sp|B0JW23|DNAJ_MICAN	59.1	44	18	0	3811	3680	3	46	3.7e-04	50.8
NODE_14_length_10842_cov_39.056271	sp|Q5BIP8|DNJB5_BOVIN	53.7	41	19	0	3802	3680	6	46	3.7e-04	50.8
NODE_14_length_10842_cov_39.056271	sp|O75953|DNJB5_HUMAN	53.7	41	19	0	3802	3680	6	46	3.7e-04	50.8
NODE_14_length_10842_cov_39.056271	sp|O89114|DNJB5_MOUSE	53.7	41	19	0	3802	3680	6	46	3.7e-04	50.8
NODE_14_length_10842_cov_39.056271	sp|P97554|DNJB9_RAT	50.0	48	24	0	3823	3680	21	68	3.7e-04	50.8
NODE_14_length_10842_cov_39.056271	sp|B2J3J3|DNAJ_NOSP7	53.3	45	21	0	3814	3680	2	46	4.8e-04	50.4
NODE_14_length_10842_cov_39.056271	sp|Q5N0G1|DNAJ_SYNP6	51.1	45	22	0	3814	3680	2	46	4.8e-04	50.4
NODE_14_length_10842_cov_39.056271	sp|B1XQF6|DNAJ_SYNP2	55.6	45	20	0	3814	3680	2	46	6.2e-04	50.1
NODE_15_length_10741_cov_35.158619	sp|Q9VQN8|FIGL1_DROME	26.9	160	95	4	4970	5428	290	434	1.2e-04	52.4
NODE_15_length_10741_cov_35.158619	sp|Q6NW58|SPAST_DANRE	27.0	178	101	7	4970	5479	335	491	1.6e-04	52.0
NODE_15_length_10741_cov_35.158619	sp|F2Z6D2|CDVC_SULAC	26.1	184	103	5	4928	5428	126	293	6.2e-04	50.1
NODE_15_length_10741_cov_35.158619	sp|Q6AZT2|SPAST_XENLA	25.4	189	110	8	4970	5506	366	533	8.1e-04	49.7
NODE_16_length_9754_cov_41.715022	sp|P22216|RAD53_YEAST	26.2	451	257	14	2214	952	66	470	4.1e-23	113.6
NODE_17_length_9571_cov_36.458386	sp|P27636|CDC15_YEAST	24.7	243	163	7	4979	5686	48	277	1.8e-10	71.6
NODE_17_length_9571_cov_36.458386	sp|Q55GU0|Y9955_DICDI	25.0	216	131	5	5018	5614	694	895	8.8e-10	69.3
NODE_17_length_9571_cov_36.458386	sp|Q9C9U5|SIS8_ARATH	23.8	248	168	9	5027	5725	782	1023	4.4e-09	67.0
NODE_23_length_7956_cov_63.934312	sp|Q6B9X6|VWKA_DICDI	30.2	192	122	8	1597	1037	408	592	2.8e-09	67.4
NODE_23_length_7956_cov_63.934312	sp|Q54DK4|AK1_DICDI	33.2	190	111	8	1594	1034	1011	1187	6.2e-09	66.2
NODE_26_length_7594_cov_41.380820	sp|A0A0A2K5R6|CNSL_PENEN	27.4	164	98	1	876	1366	331	473	1.0e-05	55.5
NODE_26_length_7594_cov_41.380820	sp|P0CT33|TLH1_SCHPO	27.8	151	92	3	6758	7159	1208	1358	5.2e-05	53.1
NODE_26_length_7594_cov_41.380820	sp|Q1RKN3|TLH2_SCHPO	27.8	151	92	3	6758	7159	1208	1358	5.2e-05	53.1
NODE_26_length_7594_cov_41.380820	sp|O74923|YJ7D_SCHPO	25.0	168	98	3	885	1366	367	513	6.7e-05	52.8
NODE_29_length_6185_cov_42.564437	sp|P16425|Y2R2_DROME	26.5	642	406	25	3804	1954	231	831	6.2e-33	145.6
NODE_29_length_6185_cov_42.564437	sp|Q95SX7|RTBS_DROME	24.6	793	512	24	4131	1882	120	870	2.6e-31	140.2
NODE_29_length_6185_cov_42.564437	sp|Q03277|PO11_BRACO	24.1	684	478	19	3897	1918	153	819	3.8e-30	136.3
NODE_30_length_5587_cov_70.685828	sp|A7XRZ1|TDIE_EMENI	36.5	74	47	0	5499	5278	231	304	4.5e-06	56.2
NODE_30_length_5587_cov_70.685828	sp|P9WEZ3|PYTC_ASPTE	33.3	75	50	0	5502	5278	248	322	7.6e-06	55.5
NODE_30_length_5587_cov_70.685828	sp|Q0CZH2|PYTC_ASPTN	33.3	75	50	0	5502	5278	248	322	7.6e-06	55.5
NODE_31_length_5582_cov_33.237923	sp|Q95SX7|RTBS_DROME	25.1	774	519	18	2723	489	134	875	2.4e-44	183.3
NODE_31_length_5582_cov_33.237923	sp|Q9NBX4|RTXE_DROME	24.3	734	500	16	2723	594	133	834	9.2e-44	181.4
NODE_32_length_5513_cov_36.935874	sp|Q6C8T3|AIM9_YARLI	22.2	554	321	24	3542	2035	62	557	4.1e-12	76.3
NODE_33_length_5483_cov_34.303427	sp|Q54DY9|BCS1B_DICDI	34.9	327	174	7	2716	3636	151	458	2.3e-47	193.4
NODE_33_length_5483_cov_34.303427	sp|Q9Y276|BCS1_HUMAN	37.9	311	164	7	2704	3621	129	415	1.3e-45	187.6
NODE_33_length_5483_cov_34.303427	sp|Q5E9H5|BCS1_BOVIN	37.3	311	166	6	2704	3621	129	415	6.3e-45	185.3
NODE_33_length_5483_cov_34.303427	sp|Q9CZP5|BCS1_MOUSE	38.3	311	163	7	2704	3621	129	415	4.1e-44	182.6
NODE_33_length_5483_cov_34.303427	sp|Q7ZTL7|BCS1_XENLA	36.5	307	170	5	2704	3615	129	413	1.3e-42	177.6
NODE_33_length_5483_cov_34.303427	sp|Q9P6Q3|BCS1_SCHPO	36.8	323	170	10	2665	3621	135	427	1.7e-42	177.2
NODE_40_length_4636_cov_38.922724	sp|P04146|COPIA_DROME	28.1	1230	772	29	4389	876	224	1400	7.3e-119	430.6
NODE_40_length_4636_cov_38.922724	sp|P10978|POLX_TOBAC	42.8	521	279	6	2396	876	810	1325	4.4e-108	394.8
NODE_41_length_4591_cov_39.958333	sp|Q45FA5|SRPK_PHYPO	27.5	397	204	12	725	1858	31	362	2.0e-28	130.2
NODE_43_length_4336_cov_41.484466	sp|P0CV72|RL161_PLAVT	30.0	120	68	2	4243	3884	6	109	2.8e-11	73.2
NODE_45_length_4335_cov_42.692991	sp|P40456|ESL1_YEAST	23.5	281	178	10	1861	1094	164	432	9.8e-09	64.7
NODE_45_length_4335_cov_42.692991	sp|P36168|ESL2_YEAST	25.6	223	150	8	1759	1121	275	491	3.7e-08	62.8
NODE_48_length_4220_cov_39.414646	sp|Q95SX7|RTBS_DROME	23.5	771	542	15	1425	3671	131	875	2.0e-43	179.9
NODE_48_length_4220_cov_39.414646	sp|Q9NBX4|RTXE_DROME	24.1	810	547	22	1422	3749	129	904	1.3e-42	177.2
NODE_49_length_4069_cov_36.762083	sp|P04146|COPIA_DROME	45.9	61	30	1	1239	1421	1326	1383	1.6e-05	53.9
NODE_50_length_3983_cov_42.099287	sp|A1E2I4|MX1_MACMU	25.1	263	159	7	3913	3226	56	314	9.3e-06	54.7
NODE_50_length_3983_cov_42.099287	sp|P20591|MX1_HUMAN	25.5	263	158	6	3913	3226	56	314	1.6e-05	53.9
NODE_50_length_3983_cov_42.099287	sp|Q5R5G3|MX1_PONAB	25.5	263	158	6	3913	3226	56	314	2.7e-05	53.1
NODE_50_length_3983_cov_42.099287	sp|P33238|MX_ANAPL	25.9	266	155	7	3913	3208	117	371	3.5e-05	52.8
NODE_50_length_3983_cov_42.099287	sp|A7VK00|MX2_PIG	27.6	268	145	10	3913	3226	101	358	4.6e-05	52.4
NODE_50_length_3983_cov_42.099287	sp|Q6TKS7|MX_CTEID	24.0	267	160	8	3913	3226	29	290	4.6e-05	52.4
NODE_50_length_3983_cov_42.099287	sp|Q28379|MX1_HORSE	30.0	200	107	5	3913	3403	56	252	7.9e-05	51.6
NODE_50_length_3983_cov_42.099287	sp|Q8JH68|MXA_DANRE	26.2	271	158	11	3913	3205	23	286	7.9e-05	51.6
NODE_50_length_3983_cov_42.099287	sp|Q800G8|MXB_DANRE	26.6	271	157	11	3913	3205	23	286	7.9e-05	51.6
NODE_50_length_3983_cov_42.099287	sp|P79135|MX1_BOVIN	25.7	245	148	6	3913	3268	45	285	1.0e-04	51.2
NODE_50_length_3983_cov_42.099287	sp|Q6PW23|MX_EPICO	25.9	228	135	5	3913	3319	19	242	1.0e-04	51.2
NODE_50_length_3983_cov_42.099287	sp|Q91192|MX1_ONCMY	27.6	228	131	8	3913	3319	20	243	1.3e-04	50.8
NODE_50_length_3983_cov_42.099287	sp|P33237|MX1_SHEEP	24.9	237	144	6	3913	3292	51	283	1.3e-04	50.8
NODE_50_length_3983_cov_42.099287	sp|Q91196|MX2_ONCMY	26.8	228	133	8	3913	3319	20	243	1.3e-04	50.8
NODE_50_length_3983_cov_42.099287	sp|Q9N0Y2|MX2_CANLF	26.6	199	114	5	3913	3403	104	299	2.3e-04	50.1
NODE_50_length_3983_cov_42.099287	sp|Q9WVP9|MX2_MOUSE	29.0	200	109	6	3913	3403	49	245	2.3e-04	50.1
NODE_50_length_3983_cov_42.099287	sp|Q91197|MX3_ONCMY	27.6	228	131	8	3913	3319	20	243	2.3e-04	50.1
NODE_51_length_3865_cov_38.503412	sp|Q12333|FRE7_YEAST	24.8	310	197	10	1768	2665	160	444	1.2e-10	70.9
NODE_51_length_3865_cov_38.503412	sp|A6ZN61|FRE7_YEAS7	24.2	310	199	10	1768	2665	160	444	6.7e-09	65.1
NODE_58_length_3502_cov_37.688135	sp|A6ZR36|AIM9_YEAS7	23.7	574	334	27	3202	1698	56	597	2.5e-15	86.3
NODE_58_length_3502_cov_37.688135	sp|B3LRJ8|AIM9_YEAS1	23.5	574	335	27	3202	1698	56	597	4.3e-15	85.5
NODE_58_length_3502_cov_37.688135	sp|P40053|AIM9_YEAST	23.5	574	335	27	3202	1698	56	597	4.3e-15	85.5
NODE_58_length_3502_cov_37.688135	sp|C7GRR3|AIM9_YEAS2	23.5	574	335	27	3202	1698	56	597	7.4e-15	84.7
NODE_58_length_3502_cov_37.688135	sp|C8Z792|AIM9_YEAS8	23.5	574	335	27	3202	1698	56	597	7.4e-15	84.7
NODE_62_length_3320_cov_40.940276	sp|O13492|FOLE_NEUCR	35.1	481	253	10	1987	596	85	523	9.9e-70	266.9
NODE_63_length_3105_cov_66.653443	sp|Q9FKW0|RNG1A_ARATH	39.3	56	31	1	505	663	123	178	5.2e-04	48.5
NODE_67_length_2920_cov_38.864223	sp|C5MED4|AIM9_CANTT	22.9	590	342	22	358	1953	57	591	1.7e-17	93.2
NODE_67_length_2920_cov_38.864223	sp|Q5A922|AIM9_CANAL	21.2	614	331	23	358	1965	61	599	3.3e-16	89.0
NODE_67_length_2920_cov_38.864223	sp|C4YFD4|AIM9_CANAW	21.7	614	328	24	358	1965	61	599	4.3e-16	88.6
NODE_67_length_2920_cov_38.864223	sp|Q6C8T3|AIM9_YARLI	23.6	526	315	22	364	1845	63	533	7.3e-16	87.8
NODE_67_length_2920_cov_38.864223	sp|B9W6S2|AIM9_CANDC	22.8	593	347	23	358	1965	61	599	9.5e-16	87.4
NODE_67_length_2920_cov_38.864223	sp|C4Y3M4|AIM9_CLAL4	21.0	604	349	22	358	1974	49	589	1.6e-15	86.7
NODE_67_length_2920_cov_38.864223	sp|P40053|AIM9_YEAST	22.7	620	333	24	364	1974	58	614	1.6e-15	86.7
NODE_67_length_2920_cov_38.864223	sp|A6ZR36|AIM9_YEAS7	22.7	620	333	24	364	1974	58	614	2.1e-15	86.3
NODE_67_length_2920_cov_38.864223	sp|Q6BRP6|AIM9_DEBHA	19.7	598	363	21	364	1953	59	607	2.8e-15	85.9
NODE_67_length_2920_cov_38.864223	sp|C7GRR3|AIM9_YEAS2	22.7	620	333	24	364	1974	58	614	2.8e-15	85.9
NODE_67_length_2920_cov_38.864223	sp|C8Z792|AIM9_YEAS8	22.7	620	333	24	364	1974	58	614	2.8e-15	85.9
NODE_68_length_2873_cov_38.628460	sp|P78362|SRPK2_HUMAN	36.1	155	93	3	477	25	54	206	2.2e-17	92.8
NODE_68_length_2873_cov_38.628460	sp|O54781|SRPK2_MOUSE	36.1	155	93	3	477	25	52	204	2.2e-17	92.8
NODE_68_length_2873_cov_38.628460	sp|P36616|DSK1_SCHPO	36.9	149	91	1	465	28	57	205	3.8e-17	92.0
NODE_68_length_2873_cov_38.628460	sp|Q9UPE1|SRPK3_HUMAN	37.0	154	93	3	477	25	52	204	3.8e-17	92.0
NODE_68_length_2873_cov_38.628460	sp|Q9Z0G2|SRPK3_MOUSE	35.1	174	101	4	513	25	31	203	1.4e-16	90.1
NODE_68_length_2873_cov_38.628460	sp|B8Y466|SRPK3_PIG	36.4	154	94	3	477	25	52	204	2.5e-16	89.4
NODE_68_length_2873_cov_38.628460	sp|Q03656|SKY1_YEAST	32.7	156	99	1	477	28	130	285	5.5e-16	88.2
NODE_68_length_2873_cov_38.628460	sp|Q03563|SPK1_CAEEL	33.5	173	109	3	534	28	376	546	1.2e-15	87.0
NODE_68_length_2873_cov_38.628460	sp|Q96SB4|SRPK1_HUMAN	31.6	206	126	5	615	25	6	205	1.6e-15	86.7
NODE_68_length_2873_cov_38.628460	sp|Q5RD27|SRPK1_PONAB	31.1	206	127	5	615	25	6	205	1.6e-15	86.7
NODE_68_length_2873_cov_38.628460	sp|O70551|SRPK1_MOUSE	31.1	206	127	5	615	25	6	205	4.6e-15	85.1
NODE_70_length_2786_cov_35.613328	sp|Q04608|YD124_YEAST	49.2	63	32	0	544	732	92	154	2.3e-11	72.8
NODE_74_length_2590_cov_40.109665	sp|P49759|CLK1_HUMAN	28.3	230	114	9	1091	442	286	477	6.0e-06	54.7
NODE_74_length_2590_cov_40.109665	sp|Q1ZXC8|PXI_DICDI	49.0	51	25	1	591	439	215	264	1.8e-05	53.1
NODE_74_length_2590_cov_40.109665	sp|Q14012|KCC1A_HUMAN	42.2	64	31	2	630	439	220	277	3.0e-05	52.4
NODE_74_length_2590_cov_40.109665	sp|Q91YS8|KCC1A_MOUSE	42.2	64	31	2	630	439	220	277	3.0e-05	52.4
NODE_74_length_2590_cov_40.109665	sp|Q63450|KCC1A_RAT	42.2	64	31	2	630	439	220	277	3.0e-05	52.4
NODE_74_length_2590_cov_40.109665	sp|P22518|CLK1_MOUSE	27.4	230	116	10	1091	442	285	476	6.7e-05	51.2
NODE_74_length_2590_cov_40.109665	sp|Q8IU85|KCC1D_HUMAN	40.6	64	32	2	630	439	223	280	1.1e-04	50.4
NODE_74_length_2590_cov_40.109665	sp|Q8BW96|KCC1D_MOUSE	40.6	64	32	2	630	439	223	280	1.1e-04	50.4
NODE_96_length_1838_cov_42.494672	sp|Q54DY9|BCS1B_DICDI	29.6	338	199	9	1570	639	67	392	1.5e-30	136.0
NODE_96_length_1838_cov_42.494672	sp|Q54HY8|BCS1A_DICDI	31.3	345	207	9	1426	429	87	413	2.6e-27	125.2
NODE_96_length_1838_cov_42.494672	sp|P32839|BCS1_YEAST	29.7	320	193	7	1567	639	87	384	9.8e-27	123.2
NODE_100_length_1760_cov_36.390616	sp|Q9Z1B7|MK13_MOUSE	24.5	302	176	10	1205	356	22	290	1.3e-07	59.7
NODE_100_length_1760_cov_36.390616	sp|A8XWC4|DKF1_CAEBR	21.7	258	163	5	1199	434	463	684	4.8e-07	57.8
NODE_100_length_1760_cov_36.390616	sp|O61267|LOK_DROME	24.7	190	130	6	913	371	251	436	6.3e-07	57.4
NODE_100_length_1760_cov_36.390616	sp|Q9WTY9|MK13_RAT	25.8	236	139	9	1205	506	22	224	6.3e-07	57.4
NODE_100_length_1760_cov_36.390616	sp|Q54QI2|Y9877_DICDI	24.5	237	141	6	1199	491	12	211	8.3e-07	57.0
NODE_100_length_1760_cov_36.390616	sp|E1BB52|CDK13_BOVIN	24.8	206	127	6	1163	563	717	900	1.1e-06	56.6
NODE_100_length_1760_cov_36.390616	sp|Q14004|CDK13_HUMAN	24.8	206	127	6	1163	563	716	899	1.1e-06	56.6
NODE_100_length_1760_cov_36.390616	sp|Q69ZA1|CDK13_MOUSE	24.8	206	127	6	1163	563	716	899	1.1e-06	56.6
NODE_100_length_1760_cov_36.390616	sp|Q54PX0|Y4251_DICDI	23.8	315	198	12	1217	292	29	308	1.4e-06	56.2
NODE_100_length_1760_cov_36.390616	sp|D2H526|CDK12_AILME	25.2	206	126	6	1163	563	739	922	1.8e-06	55.8
NODE_100_length_1760_cov_36.390616	sp|E1BB50|CDK12_BOVIN	25.2	206	126	6	1163	563	738	921	1.8e-06	55.8
NODE_100_length_1760_cov_36.390616	sp|Q14AX6|CDK12_MOUSE	25.2	206	126	6	1163	563	734	917	1.8e-06	55.8
NODE_100_length_1760_cov_36.390616	sp|Q3MJK5|CDK12_RAT	25.2	206	126	6	1163	563	734	917	1.8e-06	55.8
NODE_100_length_1760_cov_36.390616	sp|P50613|CDK7_HUMAN	25.9	282	164	9	1166	362	22	272	1.8e-06	55.8
NODE_100_length_1760_cov_36.390616	sp|Q9XUJ7|DKF1_CAEEL	21.9	224	147	4	1199	536	425	623	1.8e-06	55.8
NODE_100_length_1760_cov_36.390616	sp|O61122|SVKA_DICDI	26.1	226	128	9	1196	527	12	201	1.8e-06	55.8
NODE_100_length_1760_cov_36.390616	sp|B5DE93|CDK12_XENTR	24.8	206	127	6	1163	563	721	904	2.4e-06	55.5
NODE_100_length_1760_cov_36.390616	sp|Q03147|CDK7_MOUSE	27.1	236	132	7	1166	497	22	230	3.1e-06	55.1
NODE_100_length_1760_cov_36.390616	sp|H2L099|GCK1_CAEEL	26.2	279	156	11	1163	359	45	284	3.1e-06	55.1
NODE_100_length_1760_cov_36.390616	sp|Q9VXE5|PAKM_DROME	25.2	202	133	7	952	371	423	614	3.1e-06	55.1
NODE_100_length_1760_cov_36.390616	sp|O42376|MK12_DANRE	23.2	323	181	10	1205	344	22	313	4.1e-06	54.7
NODE_100_length_1760_cov_36.390616	sp|Q9Y6E0|STK24_HUMAN	29.3	208	109	8	1163	551	47	220	4.1e-06	54.7
NODE_105_length_1667_cov_18.515509	sp|P04146|COPIA_DROME	26.6	248	161	10	923	219	406	645	3.3e-05	51.6
NODE_105_length_1667_cov_18.515509	sp|P47024|YJ41B_YEAST	26.1	157	112	3	713	250	629	783	5.6e-05	50.8
NODE_105_length_1667_cov_18.515509	sp|P0C2J7|YH41B_YEAST	26.1	157	112	3	713	250	628	782	2.1e-04	48.9
NODE_105_length_1667_cov_18.515509	sp|A0A0B7P3V8|YP41B_YEAST	26.1	157	112	3	713	250	628	782	2.1e-04	48.9
NODE_106_length_1642_cov_39.510397	sp|Q5UQ73|YL509_MIMIV	27.3	275	163	11	1590	823	1	257	2.8e-17	91.7
NODE_135_length_1053_cov_34.811623	sp|Q9C7F2|AB14B_ARATH	30.0	210	136	6	647	36	969	1173	1.2e-16	89.0
NODE_135_length_1053_cov_34.811623	sp|Q61102|ABCB7_MOUSE	37.7	154	89	4	476	33	486	638	5.8e-16	86.7
NODE_135_length_1053_cov_34.811623	sp|Q704E8|ABCB7_RAT	37.7	154	89	4	476	33	486	638	1.3e-15	85.5
NODE_135_length_1053_cov_34.811623	sp|Q9FUT3|AB23B_ARATH	30.1	209	135	5	644	36	399	602	1.7e-15	85.1
NODE_135_length_1053_cov_34.811623	sp|Q9M0G9|AB24B_ARATH	30.1	209	135	5	644	36	401	604	1.7e-15	85.1
NODE_135_length_1053_cov_34.811623	sp|O75027|ABCB7_HUMAN	37.0	154	90	4	476	33	486	638	3.8e-15	84.0
NODE_135_length_1053_cov_34.811623	sp|H6TB12|MDR_STABO	35.4	161	88	4	473	36	410	569	1.9e-14	81.6
NODE_146_length_926_cov_1028.912744	sp|P15563|YMN3_PODAN	38.1	244	149	2	153	884	147	388	1.4e-45	184.9
NODE_159_length_822_cov_41.994785	sp|Q54DY9|BCS1B_DICDI	36.5	266	148	6	821	82	152	415	4.7e-37	156.4
NODE_159_length_822_cov_41.994785	sp|Q9P6Q3|BCS1_SCHPO	36.9	252	137	6	818	82	154	389	1.8e-33	144.4
NODE_159_length_822_cov_41.994785	sp|Q7ZTL7|BCS1_XENLA	39.7	229	120	6	821	154	134	350	2.4e-33	144.1
NODE_159_length_822_cov_41.994785	sp|Q54HY8|BCS1A_DICDI	37.6	255	141	6	821	79	131	374	1.2e-32	141.7
NODE_169_length_770_cov_71.874126	sp|Q810I1|TRI50_RAT	40.0	55	27	1	460	314	4	58	4.9e-04	46.6
NODE_191_length_602_cov_33.036563	sp|E9F8M1|SWNN_METRA	32.3	93	55	4	3	266	167	256	2.9e-04	47.0
NODE_239_length_426_cov_5.644205	sp|O93866|HSP70_TRIRU	44.3	88	32	2	395	184	63	150	1.6e-09	63.9
NODE_239_length_426_cov_5.644205	sp|Q5B2V1|HSP70_EMENI	41.3	92	37	2	407	184	59	150	1.8e-08	60.5
NODE_239_length_426_cov_5.644205	sp|Q96W30|HSP72_PARBA	42.4	92	36	2	407	184	59	150	2.4e-08	60.1
NODE_239_length_426_cov_5.644205	sp|P40918|HSP70_DAVTA	41.3	92	37	2	407	184	59	150	4.0e-08	59.3
NODE_239_length_426_cov_5.644205	sp|Q00043|HSP70_AJECA	42.4	92	36	2	407	184	59	150	5.3e-08	58.9
NODE_239_length_426_cov_5.644205	sp|Q01233|HSP70_NEUCR	41.3	92	37	2	407	184	59	150	5.3e-08	58.9
NODE_303_length_297_cov_8.590909	sp|P10401|POLY_DROME	35.1	77	46	1	7	225	383	459	5.5e-04	45.1
NODE_418_length_220_cov_0.860606	sp|Q5X1B7|NUOK_LEGPA	51.1	45	22	0	86	220	55	99	6.7e-07	54.3
NODE_418_length_220_cov_0.860606	sp|A5IHV3|NUOK_LEGPC	51.1	45	22	0	86	220	55	99	6.7e-07	54.3
NODE_418_length_220_cov_0.860606	sp|Q5ZRU8|NUOK_LEGPH	51.1	45	22	0	86	220	55	99	6.7e-07	54.3
NODE_418_length_220_cov_0.860606	sp|Q5WT30|NUOK_LEGPL	51.1	45	22	0	86	220	55	99	6.7e-07	54.3
NODE_418_length_220_cov_0.860606	sp|A5G9A9|NUOK2_GEOUR	56.1	41	18	0	92	214	56	96	1.5e-06	53.1
NODE_418_length_220_cov_0.860606	sp|B7J7T5|NUOK_ACIF2	53.5	43	20	0	92	220	61	103	1.5e-06	53.1
NODE_418_length_220_cov_0.860606	sp|B5EN61|NUOK_ACIF5	53.5	43	20	0	92	220	62	104	1.5e-06	53.1
NODE_418_length_220_cov_0.860606	sp|A7NPD9|NUOK_ROSCS	53.5	43	20	0	92	220	56	98	1.5e-06	53.1
NODE_418_length_220_cov_0.860606	sp|Q11VC2|NUOK_CYTH3	53.2	47	22	0	80	220	49	95	1.9e-06	52.8
NODE_418_length_220_cov_0.860606	sp|Q74G98|NUOK1_GEOSL	59.5	37	15	0	92	202	56	92	2.5e-06	52.4
NODE_418_length_220_cov_0.860606	sp|A6H1Q3|NUOK_FLAPJ	65.9	41	14	0	98	220	64	104	2.5e-06	52.4
NODE_418_length_220_cov_0.860606	sp|Q39QB7|NUOK2_GEOMG	56.8	37	16	0	92	202	56	92	3.3e-06	52.0
NODE_418_length_220_cov_0.860606	sp|Q7WCU9|NUOK_BORBR	53.5	43	20	0	92	220	58	100	3.3e-06	52.0
NODE_418_length_220_cov_0.860606	sp|Q7W5B7|NUOK_BORPA	53.5	43	20	0	92	220	58	100	3.3e-06	52.0
NODE_418_length_220_cov_0.860606	sp|Q7VZP5|NUOK_BORPE	53.5	43	20	0	92	220	58	100	3.3e-06	52.0
NODE_418_length_220_cov_0.860606	sp|B9LZM7|NUOK1_GEODF	53.7	41	19	0	92	214	56	96	4.3e-06	51.6
NODE_418_length_220_cov_0.860606	sp|B5EFF3|NUOK2_GEOBB	53.7	41	19	0	92	214	56	96	5.7e-06	51.2
NODE_418_length_220_cov_0.860606	sp|C6E8M5|NUOK2_GEOSM	53.7	41	19	0	92	214	56	96	5.7e-06	51.2
NODE_418_length_220_cov_0.860606	sp|Q9XAR4|NUOK2_STRCO	44.6	65	17	1	8	202	46	91	5.7e-06	51.2
NODE_418_length_220_cov_0.860606	sp|Q2KUZ4|NUOK_BORA1	53.7	41	19	0	98	220	60	100	5.7e-06	51.2
NODE_418_length_220_cov_0.860606	sp|A9II25|NUOK_BORPD	53.7	41	19	0	98	220	60	100	5.7e-06	51.2
NODE_418_length_220_cov_0.860606	sp|B1W509|NUOK1_STRGG	43.9	66	18	1	5	202	45	91	7.4e-06	50.8
NODE_418_length_220_cov_0.860606	sp|Q0AHJ0|NUOK_NITEC	53.5	43	20	0	92	220	57	99	7.4e-06	50.8
NODE_418_length_220_cov_0.860606	sp|Q21YB7|NUOK_RHOFT	56.1	41	18	0	98	220	60	100	7.4e-06	50.8
NODE_418_length_220_cov_0.860606	sp|Q82DX1|NUOK1_STRAW	56.1	41	18	0	80	202	51	91	9.6e-06	50.4
NODE_418_length_220_cov_0.860606	sp|A1TLM6|NUOK_ACIAC	58.5	41	17	0	98	220	60	100	9.6e-06	50.4
NODE_418_length_220_cov_0.860606	sp|A0LRJ1|NUOK_ACIC1	53.2	47	22	0	80	220	51	97	9.6e-06	50.4
NODE_418_length_220_cov_0.860606	sp|Q0A785|NUOK_ALKEH	53.7	41	19	0	98	220	59	99	1.3e-05	50.1
NODE_418_length_220_cov_0.860606	sp|B3E9V9|NUOK_GEOLS	56.1	41	18	0	92	214	56	96	1.3e-05	50.1
NODE_418_length_220_cov_0.860606	sp|Q6A6G8|NUOK_CUTAK	40.3	72	41	1	5	220	28	97	1.6e-05	49.7
NODE_418_length_220_cov_0.860606	sp|C6WX51|NUOK_METML	48.9	45	23	0	86	220	55	99	1.6e-05	49.7
NODE_418_length_220_cov_0.860606	sp|A1AVS2|NUOK_RUTMC	53.7	41	19	0	98	220	59	99	1.6e-05	49.7
NODE_418_length_220_cov_0.860606	sp|A4FPT1|NUOK_SACEN	51.1	47	23	0	80	220	51	97	1.6e-05	49.7
NODE_418_length_220_cov_0.860606	sp|Q47LF4|NUOK_THEFY	56.8	44	19	0	89	220	51	94	1.6e-05	49.7
NODE_437_length_214_cov_0.855346	sp|A5FKD9|RS16_FLAJ1	70.0	70	21	0	212	3	54	123	1.2e-21	103.2
NODE_437_length_214_cov_0.855346	sp|A6GWI4|RS16_FLAPJ	65.7	70	24	0	212	3	54	123	2.3e-20	99.0
NODE_450_length_211_cov_0.891026	sp|G4MWY1|GT2_MAGO7	56.1	66	29	0	210	13	184	249	4.9e-15	81.3
NODE_451_length_211_cov_0.865385	sp|P15401|SACY_BACSU	55.7	70	31	0	1	210	142	211	3.7e-15	81.6
NODE_460_length_208_cov_0.784314	sp|P32106|YIBG_ECOLI	95.1	61	3	0	3	185	15	75	8.5e-28	123.6
