NODE_1_length_23434_cov_106.489799	sp|Q0CZH2|PYTC_ASPTN	30.0	367	162	13	1494	2565	42	323	6.6e-27	127.5
NODE_1_length_23434_cov_106.489799	sp|P9WEZ3|PYTC_ASPTE	29.3	368	163	13	1494	2565	42	323	4.3e-26	124.8
NODE_1_length_23434_cov_106.489799	sp|P36033|FRE2_YEAST	27.9	222	132	8	5204	4545	364	559	2.7e-12	79.0
NODE_1_length_23434_cov_106.489799	sp|Q08905|FRE3_YEAST	27.8	223	133	8	5207	4545	363	559	2.5e-10	72.4
NODE_2_length_22797_cov_102.524184	sp|Q12473|FRE6_YEAST	21.2	312	202	13	7148	6279	285	574	5.5e-10	71.2
NODE_2_length_22797_cov_102.524184	sp|Q08905|FRE3_YEAST	22.8	307	201	13	7160	6285	274	559	1.2e-09	70.1
NODE_2_length_22797_cov_102.524184	sp|P36033|FRE2_YEAST	21.9	311	207	11	7172	6285	270	559	3.0e-08	65.5
NODE_2_length_22797_cov_102.524184	sp|Q5QN75|M2K1_ORYSJ	30.8	159	87	7	19907	19470	113	261	2.2e-06	59.3
NODE_2_length_22797_cov_102.524184	sp|Q3V3A1|CDK15_MOUSE	26.5	185	116	4	20150	19632	55	231	8.2e-06	57.4
NODE_2_length_22797_cov_102.524184	sp|P29619|CDKA2_ORYSJ	28.0	164	102	5	20006	19560	2	164	1.1e-05	57.0
NODE_2_length_22797_cov_102.524184	sp|Q96Q40|CDK15_HUMAN	38.1	84	51	1	19883	19632	151	233	2.4e-05	55.8
NODE_2_length_22797_cov_102.524184	sp|P29618|CDKA1_ORYSJ	28.3	166	100	6	20006	19560	2	165	3.1e-05	55.5
NODE_2_length_22797_cov_102.524184	sp|Q84SN3|CDKF3_ORYSJ	29.1	141	88	4	20006	19614	2	140	3.1e-05	55.5
NODE_2_length_22797_cov_102.524184	sp|Q94A06|M2K1_ARATH	28.4	148	86	6	19877	19470	119	258	3.1e-05	55.5
NODE_2_length_22797_cov_102.524184	sp|Q05006|CDC22_MEDSA	27.3	165	103	6	20006	19560	2	165	5.3e-05	54.7
NODE_2_length_22797_cov_102.524184	sp|Q38773|CDC2B_ANTMA	32.2	115	71	4	19886	19560	39	152	7.0e-05	54.3
NODE_2_length_22797_cov_102.524184	sp|P0DN32|CUPR1_ARTBC	30.1	103	64	2	9412	9104	20	114	9.1e-05	53.9
NODE_4_length_17919_cov_106.532691	sp|Q04608|YD124_YEAST	42.3	78	35	1	14813	15046	89	156	1.5e-10	72.8
NODE_4_length_17919_cov_106.532691	sp|P52959|CTF1B_FUSSO	34.1	91	52	2	15460	15711	2	91	6.5e-06	57.4
NODE_5_length_16665_cov_102.488320	sp|G4MWY1|GT2_MAGO7	39.9	439	220	9	4135	2827	41	438	2.9e-77	294.3
NODE_5_length_16665_cov_102.488320	sp|F9WWD1|GT2_ZYMTI	39.7	431	212	10	4135	2851	16	401	8.8e-74	282.7
NODE_5_length_16665_cov_102.488320	sp|Q02592|HMT1_SCHPO	28.1	591	384	12	2647	931	249	817	1.4e-55	222.2
NODE_5_length_16665_cov_102.488320	sp|Q8T9W2|ABCB5_DICDI	31.5	489	303	12	2325	931	213	693	1.6e-51	208.8
NODE_5_length_16665_cov_102.488320	sp|Q4PH16|ATM1_USTMA	29.8	484	323	8	2325	925	250	733	2.3e-50	204.9
NODE_5_length_16665_cov_102.488320	sp|Q2UPC0|ACLQ_ASPOR	29.1	561	358	12	2502	919	236	789	3.4e-49	201.1
NODE_5_length_16665_cov_102.488320	sp|B0YDH7|MTFA_ASPFC	39.3	318	126	8	5691	4831	52	333	1.4e-47	195.7
NODE_10_length_9623_cov_104.630330	sp|P22216|RAD53_YEAST	26.2	451	257	14	8027	9289	66	470	4.1e-23	113.6
NODE_13_length_8411_cov_92.964576	sp|P27636|CDC15_YEAST	24.7	243	163	7	4238	4945	48	277	1.6e-10	71.6
NODE_13_length_8411_cov_92.964576	sp|Q55GU0|Y9955_DICDI	25.0	216	131	5	4277	4873	694	895	7.7e-10	69.3
NODE_13_length_8411_cov_92.964576	sp|Q9C9U5|SIS8_ARATH	23.8	248	168	9	4286	4984	782	1023	3.8e-09	67.0
NODE_15_length_7520_cov_98.754588	sp|F9WWD1|GT2_ZYMTI	37.8	362	197	9	1079	3	27	363	1.5e-52	211.1
NODE_15_length_7520_cov_98.754588	sp|G4MWY1|GT2_MAGO7	36.3	372	204	8	1094	3	44	390	8.0e-51	205.3
NODE_15_length_7520_cov_98.754588	sp|I1RB03|GT2_GIBZE	35.3	382	205	9	1094	6	36	394	4.0e-50	203.0
NODE_20_length_6953_cov_104.437518	sp|A0A0A2K5R6|CNSL_PENEN	27.4	164	98	1	6696	6206	331	473	9.5e-06	55.5
NODE_20_length_6953_cov_104.437518	sp|P0CT33|TLH1_SCHPO	27.8	151	92	3	814	413	1208	1358	4.7e-05	53.1
NODE_20_length_6953_cov_104.437518	sp|Q1RKN3|TLH2_SCHPO	27.8	151	92	3	814	413	1208	1358	4.7e-05	53.1
NODE_20_length_6953_cov_104.437518	sp|O74923|YJ7D_SCHPO	25.0	168	98	3	6687	6206	367	513	6.2e-05	52.8
NODE_22_length_6651_cov_102.526228	sp|Q2JH49|DNAJ_SYNJB	62.2	45	17	0	4723	4857	2	46	2.0e-05	54.3
NODE_22_length_6651_cov_102.526228	sp|Q8DKR7|DNAJ_THEEB	57.8	45	19	0	4723	4857	2	46	3.5e-05	53.5
NODE_22_length_6651_cov_102.526228	sp|Q9NXW2|DJB12_HUMAN	35.4	99	62	1	4564	4860	57	153	4.5e-05	53.1
NODE_22_length_6651_cov_102.526228	sp|Q2JW78|DNAJ_SYNJA	60.0	45	18	0	4723	4857	2	46	4.5e-05	53.1
NODE_22_length_6651_cov_102.526228	sp|B0CAZ0|DNAJ_ACAM1	41.9	62	36	0	4723	4908	2	63	5.9e-05	52.8
NODE_22_length_6651_cov_102.526228	sp|Q921R4|DJC14_MOUSE	53.5	43	20	0	4729	4857	444	486	7.7e-05	52.4
NODE_22_length_6651_cov_102.526228	sp|Q8YUA5|DNAJ_NOSS1	57.8	45	19	0	4723	4857	2	46	7.7e-05	52.4
NODE_22_length_6651_cov_102.526228	sp|Q3MG81|DNAJ_TRIV2	57.8	45	19	0	4723	4857	2	46	7.7e-05	52.4
NODE_22_length_6651_cov_102.526228	sp|Q95J56|DJC14_BOVIN	53.5	43	20	0	4729	4857	444	486	1.0e-04	52.0
NODE_22_length_6651_cov_102.526228	sp|Q6Y2X3|DJC14_HUMAN	53.5	43	20	0	4729	4857	443	485	1.0e-04	52.0
NODE_22_length_6651_cov_102.526228	sp|Q114R3|DNAJ_TRIEI	55.6	45	20	0	4723	4857	2	46	1.0e-04	52.0
NODE_22_length_6651_cov_102.526228	sp|Q58DR2|DJB12_BOVIN	31.9	113	71	2	4522	4860	47	153	1.3e-04	51.6
NODE_22_length_6651_cov_102.526228	sp|Q5XIX0|DJC14_RAT	53.5	43	20	0	4729	4857	444	486	1.3e-04	51.6
NODE_22_length_6651_cov_102.526228	sp|Q7ZXQ8|DJB14_XENLA	31.9	138	92	1	4446	4857	9	144	1.7e-04	51.2
NODE_22_length_6651_cov_102.526228	sp|Q56237|DNAJ2_THET8	61.0	41	16	0	4735	4857	8	48	1.7e-04	51.2
NODE_22_length_6651_cov_102.526228	sp|B0JW23|DNAJ_MICAN	59.1	44	18	0	4726	4857	3	46	2.2e-04	50.8
NODE_22_length_6651_cov_102.526228	sp|Q5BIP8|DNJB5_BOVIN	53.7	41	19	0	4735	4857	6	46	2.2e-04	50.8
NODE_22_length_6651_cov_102.526228	sp|O75953|DNJB5_HUMAN	53.7	41	19	0	4735	4857	6	46	2.2e-04	50.8
NODE_22_length_6651_cov_102.526228	sp|O89114|DNJB5_MOUSE	53.7	41	19	0	4735	4857	6	46	2.2e-04	50.8
NODE_22_length_6651_cov_102.526228	sp|P97554|DNJB9_RAT	50.0	48	24	0	4714	4857	21	68	2.2e-04	50.8
NODE_22_length_6651_cov_102.526228	sp|B2J3J3|DNAJ_NOSP7	53.3	45	21	0	4723	4857	2	46	2.9e-04	50.4
NODE_22_length_6651_cov_102.526228	sp|Q5N0G1|DNAJ_SYNP6	51.1	45	22	0	4723	4857	2	46	2.9e-04	50.4
NODE_22_length_6651_cov_102.526228	sp|B1XQF6|DNAJ_SYNP2	55.6	45	20	0	4723	4857	2	46	3.8e-04	50.1
NODE_23_length_6608_cov_90.095376	sp|Q95SX7|RTBS_DROME	23.5	771	542	15	1405	3651	131	875	3.2e-43	179.9
NODE_23_length_6608_cov_90.095376	sp|Q9NBX4|RTXE_DROME	24.1	810	547	22	1402	3729	129	904	2.1e-42	177.2
NODE_25_length_6264_cov_109.952971	sp|P16425|Y2R2_DROME	26.5	642	406	25	3888	2038	231	831	6.3e-33	145.6
NODE_25_length_6264_cov_109.952971	sp|Q95SX7|RTBS_DROME	24.6	793	512	24	4215	1966	120	870	2.6e-31	140.2
NODE_25_length_6264_cov_109.952971	sp|Q03277|PO11_BRACO	24.1	684	478	19	3981	2002	153	819	3.8e-30	136.3
NODE_28_length_5960_cov_93.971211	sp|P36616|DSK1_SCHPO	24.9	497	287	14	1145	2433	57	534	4.9e-19	99.4
NODE_28_length_5960_cov_93.971211	sp|P78362|SRPK2_HUMAN	36.1	155	93	3	1133	1585	54	206	4.6e-17	92.8
NODE_28_length_5960_cov_93.971211	sp|O54781|SRPK2_MOUSE	36.1	155	93	3	1133	1585	52	204	4.6e-17	92.8
NODE_28_length_5960_cov_93.971211	sp|Q9UPE1|SRPK3_HUMAN	37.0	154	93	3	1133	1585	52	204	7.9e-17	92.0
NODE_29_length_5874_cov_103.570717	sp|Q9VQN8|FIGL1_DROME	27.9	172	100	5	1286	792	280	434	1.8e-05	54.3
NODE_29_length_5874_cov_103.570717	sp|Q6NW58|SPAST_DANRE	26.8	179	103	7	1253	741	333	491	1.2e-04	51.6
NODE_29_length_5874_cov_103.570717	sp|B4QSF0|SPAST_DROSI	28.9	204	108	10	1253	694	521	704	1.5e-04	51.2
NODE_29_length_5874_cov_103.570717	sp|B3M301|SPAST_DROAN	28.3	180	100	8	1253	741	533	692	2.0e-04	50.8
NODE_29_length_5874_cov_103.570717	sp|B3P8A3|SPAST_DROER	28.3	180	100	8	1253	741	521	680	2.0e-04	50.8
NODE_29_length_5874_cov_103.570717	sp|Q8I0P1|SPAST_DROME	28.3	180	100	8	1253	741	521	680	2.0e-04	50.8
NODE_29_length_5874_cov_103.570717	sp|B4HGG6|SPAST_DROSE	28.3	180	100	8	1253	741	521	680	2.0e-04	50.8
NODE_29_length_5874_cov_103.570717	sp|B4PL32|SPAST_DROYA	28.3	180	100	8	1253	741	521	680	2.0e-04	50.8
NODE_29_length_5874_cov_103.570717	sp|F2Z6D2|CDVC_SULAC	26.2	183	103	5	1289	792	126	293	4.4e-04	49.7
NODE_29_length_5874_cov_103.570717	sp|B4NBP4|SPAST_DROWI	27.8	180	101	8	1253	741	540	699	4.4e-04	49.7
NODE_31_length_5480_cov_101.678894	sp|A1E2I4|MX1_MACMU	25.1	263	159	7	5017	4330	56	314	1.3e-05	54.7
NODE_31_length_5480_cov_101.678894	sp|P20591|MX1_HUMAN	25.5	263	158	6	5017	4330	56	314	2.2e-05	53.9
NODE_31_length_5480_cov_101.678894	sp|Q5R5G3|MX1_PONAB	25.5	263	158	6	5017	4330	56	314	3.7e-05	53.1
NODE_31_length_5480_cov_101.678894	sp|P33238|MX_ANAPL	25.9	266	155	7	5017	4312	117	371	4.9e-05	52.8
NODE_31_length_5480_cov_101.678894	sp|A7VK00|MX2_PIG	27.6	268	145	10	5017	4330	101	358	6.3e-05	52.4
NODE_31_length_5480_cov_101.678894	sp|Q6TKS7|MX_CTEID	24.0	267	160	8	5017	4330	29	290	6.3e-05	52.4
NODE_31_length_5480_cov_101.678894	sp|Q28379|MX1_HORSE	30.0	200	107	5	5017	4507	56	252	1.1e-04	51.6
NODE_31_length_5480_cov_101.678894	sp|Q8JH68|MXA_DANRE	26.2	271	158	11	5017	4309	23	286	1.1e-04	51.6
NODE_31_length_5480_cov_101.678894	sp|Q800G8|MXB_DANRE	26.6	271	157	11	5017	4309	23	286	1.1e-04	51.6
NODE_31_length_5480_cov_101.678894	sp|P79135|MX1_BOVIN	25.7	245	148	6	5017	4372	45	285	1.4e-04	51.2
NODE_31_length_5480_cov_101.678894	sp|Q6PW23|MX_EPICO	25.9	228	135	5	5017	4423	19	242	1.4e-04	51.2
NODE_31_length_5480_cov_101.678894	sp|Q91192|MX1_ONCMY	27.6	228	131	8	5017	4423	20	243	1.8e-04	50.8
NODE_31_length_5480_cov_101.678894	sp|P33237|MX1_SHEEP	24.9	237	144	6	5017	4396	51	283	1.8e-04	50.8
NODE_31_length_5480_cov_101.678894	sp|Q91196|MX2_ONCMY	26.8	228	133	8	5017	4423	20	243	1.8e-04	50.8
NODE_31_length_5480_cov_101.678894	sp|Q9N0Y2|MX2_CANLF	26.6	199	114	5	5017	4507	104	299	3.2e-04	50.1
NODE_31_length_5480_cov_101.678894	sp|Q9WVP9|MX2_MOUSE	29.0	200	109	6	5017	4507	49	245	3.2e-04	50.1
NODE_31_length_5480_cov_101.678894	sp|Q91197|MX3_ONCMY	27.6	228	131	8	5017	4423	20	243	3.2e-04	50.1
NODE_38_length_4659_cov_97.248697	sp|P04146|COPIA_DROME	28.1	1230	772	29	4400	887	224	1400	7.3e-119	430.6
NODE_38_length_4659_cov_97.248697	sp|P10978|POLX_TOBAC	42.8	521	279	6	2407	887	810	1325	4.4e-108	394.8
NODE_41_length_4551_cov_104.760899	sp|Q45FA5|SRPK_PHYPO	27.5	397	204	12	3881	2748	31	362	2.0e-28	130.2
NODE_44_length_4291_cov_110.978990	sp|P40456|ESL1_YEAST	23.5	281	178	10	2485	3252	164	432	9.7e-09	64.7
NODE_44_length_4291_cov_110.978990	sp|P36168|ESL2_YEAST	25.6	223	150	8	2587	3225	275	491	3.7e-08	62.8
NODE_47_length_4161_cov_94.134194	sp|P04146|COPIA_DROME	45.9	61	30	1	2913	2731	1326	1383	1.7e-05	53.9
NODE_49_length_4077_cov_91.538787	sp|O13492|FOLE_NEUCR	35.1	481	253	10	2128	3519	85	523	1.2e-69	266.9
NODE_53_length_3764_cov_92.528984	sp|Q9H3F6|BACD3_HUMAN	34.7	101	56	2	528	830	34	124	1.7e-04	50.4
NODE_53_length_3764_cov_92.528984	sp|Q9SE95|FIP2_ARATH	35.2	91	49	3	528	791	11	94	1.7e-04	50.4
NODE_53_length_3764_cov_92.528984	sp|Q7TPL3|BACD3_RAT	34.7	101	56	2	528	830	34	124	2.2e-04	50.1
NODE_53_length_3764_cov_92.528984	sp|Q03607|YN03_CAEEL	27.6	152	92	4	510	959	1	136	2.8e-04	49.7
NODE_53_length_3764_cov_92.528984	sp|Q922M3|BACD3_MOUSE	34.7	101	56	2	528	830	34	124	4.8e-04	48.9
NODE_53_length_3764_cov_92.528984	sp|Q9ZUH1|Y2424_ARATH	40.0	65	37	1	522	710	6	70	8.2e-04	48.1
NODE_59_length_3528_cov_100.834725	sp|Q12333|FRE7_YEAST	24.8	310	197	10	1750	2647	160	444	1.1e-10	70.9
NODE_59_length_3528_cov_100.834725	sp|A6ZN61|FRE7_YEAS7	24.2	310	199	10	1750	2647	160	444	6.1e-09	65.1
NODE_65_length_3221_cov_99.624131	sp|Q54DY9|BCS1B_DICDI	34.9	327	174	7	2828	1908	151	458	1.4e-47	193.4
NODE_65_length_3221_cov_99.624131	sp|Q9Y276|BCS1_HUMAN	37.9	311	164	7	2840	1923	129	415	7.4e-46	187.6
NODE_65_length_3221_cov_99.624131	sp|Q5E9H5|BCS1_BOVIN	37.3	311	166	6	2840	1923	129	415	3.7e-45	185.3
NODE_65_length_3221_cov_99.624131	sp|Q9CZP5|BCS1_MOUSE	38.3	311	163	7	2840	1923	129	415	2.4e-44	182.6
NODE_65_length_3221_cov_99.624131	sp|Q7ZTL7|BCS1_XENLA	36.5	307	170	5	2840	1929	129	413	7.7e-43	177.6
NODE_65_length_3221_cov_99.624131	sp|Q9P6Q3|BCS1_SCHPO	36.8	323	170	10	2879	1923	135	427	1.0e-42	177.2
NODE_69_length_3031_cov_107.084285	sp|A6ZR36|AIM9_YEAS7	23.7	574	334	27	280	1784	56	597	2.2e-15	86.3
NODE_69_length_3031_cov_107.084285	sp|B3LRJ8|AIM9_YEAS1	23.5	574	335	27	280	1784	56	597	3.7e-15	85.5
NODE_69_length_3031_cov_107.084285	sp|P40053|AIM9_YEAST	23.5	574	335	27	280	1784	56	597	3.7e-15	85.5
NODE_69_length_3031_cov_107.084285	sp|C7GRR3|AIM9_YEAS2	23.5	574	335	27	280	1784	56	597	6.4e-15	84.7
NODE_69_length_3031_cov_107.084285	sp|C8Z792|AIM9_YEAS8	23.5	574	335	27	280	1784	56	597	6.4e-15	84.7
NODE_71_length_2976_cov_100.183841	sp|C5MED4|AIM9_CANTT	22.9	590	342	22	2598	1003	57	591	1.8e-17	93.2
NODE_71_length_2976_cov_100.183841	sp|Q5A922|AIM9_CANAL	21.2	614	331	23	2598	991	61	599	3.3e-16	89.0
NODE_71_length_2976_cov_100.183841	sp|C4YFD4|AIM9_CANAW	21.7	614	328	24	2598	991	61	599	4.3e-16	88.6
NODE_71_length_2976_cov_100.183841	sp|Q6C8T3|AIM9_YARLI	23.6	526	315	22	2592	1111	63	533	7.4e-16	87.8
NODE_71_length_2976_cov_100.183841	sp|B9W6S2|AIM9_CANDC	22.8	593	347	23	2598	991	61	599	9.7e-16	87.4
NODE_71_length_2976_cov_100.183841	sp|C4Y3M4|AIM9_CLAL4	21.0	604	349	22	2598	982	49	589	1.7e-15	86.7
NODE_71_length_2976_cov_100.183841	sp|P40053|AIM9_YEAST	22.7	620	333	24	2592	982	58	614	1.7e-15	86.7
NODE_71_length_2976_cov_100.183841	sp|A6ZR36|AIM9_YEAS7	22.7	620	333	24	2592	982	58	614	2.2e-15	86.3
NODE_71_length_2976_cov_100.183841	sp|Q6BRP6|AIM9_DEBHA	19.7	598	363	21	2592	1003	59	607	2.8e-15	85.9
NODE_71_length_2976_cov_100.183841	sp|C7GRR3|AIM9_YEAS2	22.7	620	333	24	2592	982	58	614	2.8e-15	85.9
NODE_71_length_2976_cov_100.183841	sp|C8Z792|AIM9_YEAS8	22.7	620	333	24	2592	982	58	614	2.8e-15	85.9
NODE_72_length_2827_cov_95.460317	sp|P49759|CLK1_HUMAN	28.3	230	114	9	1709	2358	286	477	6.6e-06	54.7
NODE_72_length_2827_cov_95.460317	sp|Q1ZXC8|PXI_DICDI	49.0	51	25	1	2209	2361	215	264	1.9e-05	53.1
NODE_72_length_2827_cov_95.460317	sp|Q14012|KCC1A_HUMAN	42.2	64	31	2	2170	2361	220	277	3.3e-05	52.4
NODE_72_length_2827_cov_95.460317	sp|Q91YS8|KCC1A_MOUSE	42.2	64	31	2	2170	2361	220	277	3.3e-05	52.4
NODE_72_length_2827_cov_95.460317	sp|Q63450|KCC1A_RAT	42.2	64	31	2	2170	2361	220	277	3.3e-05	52.4
NODE_72_length_2827_cov_95.460317	sp|P22518|CLK1_MOUSE	27.4	230	116	10	1709	2358	285	476	7.3e-05	51.2
NODE_72_length_2827_cov_95.460317	sp|Q8IU85|KCC1D_HUMAN	40.6	64	32	2	2170	2361	223	280	1.2e-04	50.4
NODE_72_length_2827_cov_95.460317	sp|Q8BW96|KCC1D_MOUSE	40.6	64	32	2	2170	2361	223	280	1.2e-04	50.4
NODE_81_length_2399_cov_91.969710	sp|Q04608|YD124_YEAST	49.2	63	32	0	2238	2050	92	154	2.0e-11	72.8
NODE_98_length_1808_cov_108.318882	sp|Q54DY9|BCS1B_DICDI	29.6	338	199	9	1566	635	67	392	2.5e-30	135.2
NODE_98_length_1808_cov_108.318882	sp|Q54HY8|BCS1A_DICDI	31.3	345	207	9	1422	425	87	413	3.3e-27	124.8
NODE_98_length_1808_cov_108.318882	sp|Q5E9H5|BCS1_BOVIN	29.7	320	196	9	1566	638	50	350	1.6e-26	122.5
NODE_98_length_1808_cov_108.318882	sp|P32839|BCS1_YEAST	29.7	320	193	7	1563	635	87	384	1.6e-26	122.5
NODE_102_length_1739_cov_99.928741	sp|Q9Z1B7|MK13_MOUSE	24.5	302	176	10	1225	376	22	290	1.3e-07	59.7
NODE_102_length_1739_cov_99.928741	sp|A8XWC4|DKF1_CAEBR	21.7	258	163	5	1219	454	463	684	4.8e-07	57.8
NODE_102_length_1739_cov_99.928741	sp|O61267|LOK_DROME	24.7	190	130	6	933	391	251	436	6.3e-07	57.4
NODE_102_length_1739_cov_99.928741	sp|Q9WTY9|MK13_RAT	25.8	236	139	9	1225	526	22	224	6.3e-07	57.4
NODE_102_length_1739_cov_99.928741	sp|Q54QI2|Y9877_DICDI	24.5	237	141	6	1219	511	12	211	8.2e-07	57.0
NODE_102_length_1739_cov_99.928741	sp|E1BB52|CDK13_BOVIN	24.8	206	127	6	1183	583	717	900	1.1e-06	56.6
NODE_102_length_1739_cov_99.928741	sp|Q14004|CDK13_HUMAN	24.8	206	127	6	1183	583	716	899	1.1e-06	56.6
NODE_102_length_1739_cov_99.928741	sp|Q69ZA1|CDK13_MOUSE	24.8	206	127	6	1183	583	716	899	1.1e-06	56.6
NODE_102_length_1739_cov_99.928741	sp|Q54PX0|Y4251_DICDI	23.8	315	198	12	1237	312	29	308	1.4e-06	56.2
NODE_102_length_1739_cov_99.928741	sp|D2H526|CDK12_AILME	25.2	206	126	6	1183	583	739	922	1.8e-06	55.8
NODE_102_length_1739_cov_99.928741	sp|E1BB50|CDK12_BOVIN	25.2	206	126	6	1183	583	738	921	1.8e-06	55.8
NODE_102_length_1739_cov_99.928741	sp|Q14AX6|CDK12_MOUSE	25.2	206	126	6	1183	583	734	917	1.8e-06	55.8
NODE_102_length_1739_cov_99.928741	sp|Q3MJK5|CDK12_RAT	25.2	206	126	6	1183	583	734	917	1.8e-06	55.8
NODE_102_length_1739_cov_99.928741	sp|P50613|CDK7_HUMAN	25.9	282	164	9	1186	382	22	272	1.8e-06	55.8
NODE_102_length_1739_cov_99.928741	sp|Q9XUJ7|DKF1_CAEEL	21.9	224	147	4	1219	556	425	623	1.8e-06	55.8
NODE_102_length_1739_cov_99.928741	sp|O61122|SVKA_DICDI	26.1	226	128	9	1216	547	12	201	1.8e-06	55.8
NODE_102_length_1739_cov_99.928741	sp|B5DE93|CDK12_XENTR	24.8	206	127	6	1183	583	721	904	2.4e-06	55.5
NODE_102_length_1739_cov_99.928741	sp|Q03147|CDK7_MOUSE	27.1	236	132	7	1186	517	22	230	3.1e-06	55.1
NODE_102_length_1739_cov_99.928741	sp|H2L099|GCK1_CAEEL	26.2	279	156	11	1183	379	45	284	3.1e-06	55.1
NODE_102_length_1739_cov_99.928741	sp|Q9VXE5|PAKM_DROME	25.2	202	133	7	972	391	423	614	3.1e-06	55.1
NODE_102_length_1739_cov_99.928741	sp|O42376|MK12_DANRE	23.2	323	181	10	1225	364	22	313	4.1e-06	54.7
NODE_102_length_1739_cov_99.928741	sp|Q9Y6E0|STK24_HUMAN	29.3	208	109	8	1183	571	47	220	4.1e-06	54.7
NODE_104_length_1719_cov_88.552284	sp|Q54DY9|BCS1B_DICDI	31.0	420	238	11	1504	317	67	458	1.3e-52	209.1
NODE_104_length_1719_cov_88.552284	sp|Q9CZP5|BCS1_MOUSE	33.0	403	221	10	1504	332	50	415	2.1e-47	191.8
NODE_104_length_1719_cov_88.552284	sp|Q5E9H5|BCS1_BOVIN	32.6	402	224	12	1504	332	50	415	3.6e-47	191.0
NODE_104_length_1719_cov_88.552284	sp|Q7ZTL7|BCS1_XENLA	32.7	401	223	11	1504	335	50	414	4.7e-47	190.7
NODE_104_length_1719_cov_88.552284	sp|Q9Y276|BCS1_HUMAN	31.5	403	227	10	1504	332	50	415	1.4e-46	189.1
NODE_107_length_1674_cov_90.920939	sp|Q5UQ73|YL509_MIMIV	27.3	275	163	11	55	822	1	257	2.9e-17	91.7
NODE_108_length_1639_cov_42.929924	sp|P47024|YJ41B_YEAST	26.1	157	112	3	671	208	629	783	5.5e-05	50.8
NODE_108_length_1639_cov_42.929924	sp|P04146|COPIA_DROME	26.1	230	151	9	881	232	406	629	9.4e-05	50.1
NODE_108_length_1639_cov_42.929924	sp|P0C2J7|YH41B_YEAST	26.1	157	112	3	671	208	628	782	2.1e-04	48.9
NODE_108_length_1639_cov_42.929924	sp|A0A0B7P3V8|YP41B_YEAST	26.1	157	112	3	671	208	628	782	2.1e-04	48.9
NODE_143_length_1120_cov_148.282629	sp|Q9FKW0|RNG1A_ARATH	39.3	56	31	1	461	303	123	178	1.9e-04	48.5
NODE_159_length_942_cov_194.184893	sp|A7XRZ1|TDIE_EMENI	36.5	74	47	0	854	633	231	304	7.6e-07	56.2
NODE_159_length_942_cov_194.184893	sp|P9WEZ3|PYTC_ASPTE	33.3	75	50	0	857	633	248	322	1.3e-06	55.5
NODE_159_length_942_cov_194.184893	sp|Q0CZH2|PYTC_ASPTN	33.3	75	50	0	857	633	248	322	1.3e-06	55.5
NODE_161_length_928_cov_2039.902635	sp|P15563|YMN3_PODAN	38.5	244	148	2	147	878	147	388	6.2e-46	186.0
NODE_165_length_889_cov_91.737410	sp|Q54HY8|BCS1A_DICDI	37.2	156	82	3	4	471	274	413	4.6e-14	80.1
NODE_165_length_889_cov_91.737410	sp|Q9P6Q3|BCS1_SCHPO	34.9	152	76	4	4	459	295	423	8.7e-13	75.9
NODE_165_length_889_cov_91.737410	sp|Q7ZTL7|BCS1_XENLA	53.0	83	29	2	10	258	278	350	8.7e-13	75.9
NODE_165_length_889_cov_91.737410	sp|Q5E9H5|BCS1_BOVIN	53.0	83	29	2	10	258	278	350	1.1e-12	75.5
NODE_165_length_889_cov_91.737410	sp|Q54DY9|BCS1B_DICDI	38.5	122	62	2	4	330	294	415	1.5e-12	75.1
NODE_165_length_889_cov_91.737410	sp|Q9Y276|BCS1_HUMAN	53.0	83	29	2	10	258	278	350	1.9e-12	74.7
NODE_165_length_889_cov_91.737410	sp|Q5UR45|YL572_MIMIV	38.5	122	61	4	10	333	40	161	1.9e-12	74.7
NODE_165_length_889_cov_91.737410	sp|Q7ZV60|BCS1_DANRE	51.8	83	31	2	10	258	278	351	4.3e-12	73.6
NODE_196_length_683_cov_41.571656	sp|Q61102|ABCB7_MOUSE	34.9	172	105	4	631	134	493	663	4.9e-16	86.3
NODE_196_length_683_cov_41.571656	sp|Q704E8|ABCB7_RAT	34.9	172	105	4	631	134	493	663	1.1e-15	85.1
NODE_196_length_683_cov_41.571656	sp|H6TB12|MDR_STABO	34.1	179	102	4	625	134	418	595	1.9e-15	84.3
NODE_196_length_683_cov_41.571656	sp|Q9C7F8|AB13B_ARATH	33.3	171	107	4	628	134	1028	1197	7.1e-15	82.4
NODE_196_length_683_cov_41.571656	sp|Q9M0G9|AB24B_ARATH	32.6	172	109	4	631	134	460	630	9.3e-15	82.0
NODE_196_length_683_cov_41.571656	sp|O75027|ABCB7_HUMAN	33.7	172	107	4	631	134	493	663	9.3e-15	82.0
NODE_196_length_683_cov_41.571656	sp|Q59R09|ATM1_CANAL	33.5	170	104	4	655	164	481	647	9.3e-15	82.0
NODE_196_length_683_cov_41.571656	sp|Q9FUT3|AB23B_ARATH	32.0	172	110	4	631	134	458	628	3.5e-14	80.1
NODE_196_length_683_cov_41.571656	sp|P40416|ATM1_YEAST	29.1	196	117	4	631	62	457	636	4.6e-14	79.7
NODE_196_length_683_cov_41.571656	sp|Q8T9W2|ABCB5_DICDI	33.7	187	115	5	676	134	468	651	1.0e-13	78.6
NODE_196_length_683_cov_41.571656	sp|Q6BXD7|ATM1_DEBHA	31.6	196	112	5	631	62	459	638	1.0e-13	78.6
NODE_205_length_650_cov_36.324370	sp|Q9UR07|TF211_SCHPO	28.8	184	130	1	602	54	954	1137	8.0e-16	85.5
NODE_205_length_650_cov_36.324370	sp|P0CT41|TF212_SCHPO	28.8	184	130	1	602	54	954	1137	8.0e-16	85.5
NODE_205_length_650_cov_36.324370	sp|P0CT34|TF21_SCHPO	28.8	184	130	1	602	54	954	1137	8.0e-16	85.5
NODE_205_length_650_cov_36.324370	sp|P0CT35|TF22_SCHPO	28.8	184	130	1	602	54	954	1137	8.0e-16	85.5
NODE_205_length_650_cov_36.324370	sp|P0CT36|TF23_SCHPO	28.8	184	130	1	602	54	954	1137	8.0e-16	85.5
NODE_205_length_650_cov_36.324370	sp|P0CT37|TF24_SCHPO	28.8	184	130	1	602	54	954	1137	8.0e-16	85.5
NODE_205_length_650_cov_36.324370	sp|P0CT38|TF25_SCHPO	28.8	184	130	1	602	54	954	1137	8.0e-16	85.5
NODE_205_length_650_cov_36.324370	sp|P0CT39|TF26_SCHPO	28.8	184	130	1	602	54	954	1137	8.0e-16	85.5
NODE_205_length_650_cov_36.324370	sp|P0CT42|TF27_SCHPO	28.8	184	130	1	602	54	954	1137	8.0e-16	85.5
NODE_205_length_650_cov_36.324370	sp|P0CT43|TF28_SCHPO	28.8	184	130	1	602	54	954	1137	8.0e-16	85.5
NODE_205_length_650_cov_36.324370	sp|P0CT40|TF29_SCHPO	28.8	184	130	1	602	54	954	1137	8.0e-16	85.5
NODE_209_length_626_cov_230.688266	sp|Q810I1|TRI50_RAT	40.0	55	27	1	460	314	4	58	4.0e-04	46.6
NODE_209_length_626_cov_230.688266	sp|Q9FKW0|RNG1A_ARATH	41.8	55	27	2	463	314	123	177	8.8e-04	45.4
NODE_209_length_626_cov_230.688266	sp|Q810I2|TRI50_MOUSE	38.9	54	27	1	457	314	5	58	8.8e-04	45.4
NODE_210_length_625_cov_1.363158	sp|O00370|LORF2_HUMAN	91.9	185	9	1	50	585	1081	1265	1.5e-96	353.6
NODE_216_length_599_cov_327.590074	sp|Q6B9X6|VWKA_DICDI	36.8	95	57	3	472	194	499	592	7.9e-10	65.5
NODE_236_length_478_cov_120.692671	sp|B2GHI7|Y2116_KOCRD	34.3	108	54	5	401	129	284	391	6.8e-04	45.4
NODE_260_length_379_cov_0.925926	sp|O00370|LORF2_HUMAN	88.7	124	14	0	6	377	445	568	1.3e-55	216.9
NODE_261_length_378_cov_94.953560	sp|Q54DY9|BCS1B_DICDI	44.4	124	61	4	24	376	183	304	7.7e-19	94.7
NODE_261_length_378_cov_94.953560	sp|P32839|BCS1_YEAST	42.3	130	67	4	6	376	196	323	7.2e-17	88.2
NODE_279_length_317_cov_4.091603	sp|P31843|RRPO_OENBE	44.2	52	29	0	128	283	7	58	5.1e-08	58.5
NODE_279_length_317_cov_4.091603	sp|P10394|POL4_DROME	31.4	105	66	1	14	310	327	431	4.3e-07	55.5
NODE_279_length_317_cov_4.091603	sp|Q99315|YG31B_YEAST	32.7	101	64	2	17	307	606	706	7.4e-07	54.7
NODE_279_length_317_cov_4.091603	sp|Q7LHG5|YI31B_YEAST	32.7	101	64	2	17	307	632	732	7.4e-07	54.7
NODE_280_length_315_cov_1.680769	sp|P03631|REPA_BPPHS	95.0	100	5	0	14	313	242	341	1.5e-52	206.5
NODE_280_length_315_cov_1.680769	sp|P07928|VGA_BPS13	94.0	100	6	0	14	313	251	350	4.4e-52	204.9
NODE_310_length_278_cov_2.421525	sp|Q8TGM5|ART3_YEAST	100.0	29	0	0	277	191	39	67	4.0e-09	62.0
NODE_315_length_271_cov_2.564815	sp|Q8TGM6|TAR1_YEAST	100.0	49	0	0	123	269	1	49	1.3e-23	110.2
NODE_316_length_271_cov_1.273148	sp|O00370|LORF2_HUMAN	92.2	90	6	1	1	267	732	821	6.2e-39	161.0
NODE_321_length_268_cov_1.333333	sp|Q9F771|XER_PSEAI	73.0	89	24	0	2	268	157	245	8.6e-33	140.6
NODE_338_length_251_cov_0.806122	sp|P11369|LORF2_MOUSE	94.0	83	5	0	249	1	249	331	4.4e-39	161.4
NODE_340_length_249_cov_1.876289	sp|P03643|G_BPPHS	93.2	74	5	0	3	224	102	175	8.6e-35	147.1
NODE_340_length_249_cov_1.876289	sp|P07932|G_BPS13	91.9	74	6	0	3	224	102	175	5.6e-34	144.4
NODE_347_length_245_cov_1.810526	sp|P46139|DGCN_ECOLI	100.0	65	0	0	49	243	1	65	9.0e-29	127.1
NODE_348_length_245_cov_1.142105	sp|P03646|H_BPPHS	81.1	74	14	0	5	226	233	306	1.8e-24	112.8
NODE_348_length_245_cov_1.142105	sp|P07933|VGH_BPS13	81.1	74	14	0	5	226	233	306	1.8e-24	112.8
NODE_352_length_243_cov_1.132979	sp|P42973|BGLA_BACSU	72.5	80	22	0	241	2	35	114	2.6e-28	125.6
NODE_352_length_243_cov_1.132979	sp|Q46829|BGLA_ECOLI	68.8	80	25	0	241	2	39	118	8.4e-27	120.6
NODE_360_length_234_cov_0.899441	sp|O00370|LORF2_HUMAN	77.9	68	15	0	205	1	148	215	2.3e-21	102.4
NODE_363_length_233_cov_1.196629	sp|P00854|ATP6_YEAST	89.6	77	8	0	1	231	123	199	2.4e-31	135.6
NODE_381_length_228_cov_0.815029	sp|P23496|LACXP_LACLL	71.1	76	22	0	1	228	205	280	9.7e-25	113.6
NODE_381_length_228_cov_0.815029	sp|P42096|LACXC_LACLL	71.1	76	22	0	1	228	205	280	1.3e-24	113.2
NODE_384_length_228_cov_0.774566	sp|Q96CB5|CH044_HUMAN	79.5	39	7	1	133	19	40	78	2.0e-09	62.8
NODE_384_length_228_cov_0.774566	sp|Q86V71|ZN429_HUMAN	96.4	28	1	0	137	54	647	674	4.4e-09	61.6
NODE_384_length_228_cov_0.774566	sp|Q99959|PKP2_HUMAN	90.0	30	3	0	134	45	475	504	5.7e-09	61.2
NODE_384_length_228_cov_0.774566	sp|Q96N38|ZN714_HUMAN	71.8	39	11	0	131	15	507	545	9.7e-09	60.5
NODE_384_length_228_cov_0.774566	sp|Q6ZSR6|YP007_HUMAN	74.4	39	8	1	26	136	2	40	2.8e-08	58.9
NODE_384_length_228_cov_0.774566	sp|Q05481|ZNF91_HUMAN	79.4	34	7	0	130	29	1158	1191	3.7e-08	58.5
NODE_391_length_227_cov_0.825581	sp|P94499|BRNQ_BACSU	64.9	37	13	0	112	2	11	47	9.9e-06	50.4
NODE_391_length_227_cov_0.825581	sp|O34545|BRAB_BACSU	54.1	37	17	0	133	23	4	40	1.3e-05	50.1
NODE_391_length_227_cov_0.825581	sp|A2RJ04|BRNQ_LACLM	71.4	28	8	0	112	29	11	38	1.4e-04	46.6
NODE_394_length_227_cov_0.825581	sp|Q9HUW6|CTPL_PSEAE	57.4	68	29	0	227	24	158	225	4.2e-12	71.6
NODE_400_length_226_cov_0.830409	sp|P50278|SOL1_YEAST	66.7	33	11	0	138	40	1	33	2.2e-05	49.3
NODE_403_length_226_cov_0.830409	sp|Q5BB35|CWC2_EMENI	83.8	74	12	0	224	3	121	194	1.6e-32	139.4
NODE_403_length_226_cov_0.830409	sp|Q4WU07|CWC2_ASPFU	79.7	74	15	0	224	3	116	189	2.0e-30	132.5
NODE_404_length_226_cov_0.824561	sp|Q66D85|ZITB_YERPS	47.8	69	36	0	17	223	145	213	7.8e-11	67.4
NODE_404_length_226_cov_0.824561	sp|Q8ZGY6|ZITB_YERPE	47.8	69	36	0	17	223	145	213	1.0e-10	67.0
NODE_404_length_226_cov_0.824561	sp|Q8Z8B6|ZITB_SALTI	48.5	68	35	0	17	220	150	217	2.3e-10	65.9
NODE_404_length_226_cov_0.824561	sp|Q8ZQT3|ZITB_SALTY	48.5	68	35	0	17	220	150	217	2.3e-10	65.9
NODE_404_length_226_cov_0.824561	sp|O07084|CZCD_BACSU	40.6	69	41	0	17	223	144	212	3.9e-10	65.1
NODE_404_length_226_cov_0.824561	sp|Q8X400|ZITB_ECO57	45.6	68	37	0	17	220	148	215	6.6e-10	64.3
NODE_404_length_226_cov_0.824561	sp|P75757|ZITB_ECOLI	45.6	68	37	0	17	220	150	217	6.6e-10	64.3
NODE_404_length_226_cov_0.824561	sp|Q83SA2|ZITB_SHIFL	45.6	68	37	0	17	220	150	217	6.6e-10	64.3
NODE_404_length_226_cov_0.824561	sp|P94178|CZCD_ALCSC	40.5	74	44	0	2	223	140	213	1.1e-09	63.5
NODE_404_length_226_cov_0.824561	sp|P13512|CZCD_CUPMC	40.5	74	44	0	2	223	140	213	1.1e-09	63.5
NODE_404_length_226_cov_0.824561	sp|A7Z1S6|CZCD_BACVZ	39.7	68	41	0	17	220	146	213	2.5e-09	62.4
NODE_410_length_225_cov_0.835294	sp|O00370|LORF2_HUMAN	53.5	71	32	1	2	216	1196	1265	7.8e-11	67.4
NODE_410_length_225_cov_0.835294	sp|P11369|LORF2_MOUSE	55.2	58	26	0	2	176	1202	1259	7.8e-11	67.4
NODE_410_length_225_cov_0.835294	sp|P08548|LIN1_NYCCO	54.2	59	26	1	2	176	1195	1253	2.5e-09	62.4
NODE_412_length_225_cov_0.835294	sp|G3XD29|NHAP_PSEAE	73.2	71	19	0	223	11	275	345	8.9e-23	107.1
NODE_423_length_224_cov_0.840237	sp|Q9I310|Y1727_PSEAE	53.5	71	33	0	11	223	441	511	6.1e-16	84.3
NODE_423_length_224_cov_0.840237	sp|P55552|Y4LL_SINFN	56.5	69	30	0	11	217	577	645	5.2e-15	81.3
NODE_423_length_224_cov_0.840237	sp|Q55434|PHY2_SYNY3	51.4	72	35	0	2	217	611	682	2.6e-14	79.0
NODE_423_length_224_cov_0.840237	sp|Q9ABX9|Y091_CAUVC	55.1	69	31	0	11	217	552	620	4.4e-14	78.2
NODE_423_length_224_cov_0.840237	sp|P77334|PDER_ECOLI	51.5	68	32	1	2	205	410	476	7.5e-14	77.4
NODE_425_length_223_cov_1.303571	sp|P11260|LORF1_MOUSE	74.0	50	13	0	222	73	25	74	1.0e-15	83.6
NODE_426_length_223_cov_0.928571	sp|P11369|LORF2_MOUSE	79.7	74	15	0	221	2	169	242	6.1e-24	110.9
NODE_429_length_223_cov_0.845238	sp|O00370|LORF2_HUMAN	56.3	32	14	0	98	3	1137	1168	1.7e-05	49.7
NODE_429_length_223_cov_0.845238	sp|P11369|LORF2_MOUSE	66.7	30	10	0	92	3	1146	1175	2.2e-05	49.3
NODE_441_length_221_cov_0.855422	sp|I2HB70|YM16A_YEAST	94.0	50	3	0	72	221	1	50	2.0e-19	95.9
NODE_442_length_221_cov_0.855422	sp|Q9X1E3|GLPF_THEMA	62.5	32	12	0	109	204	2	33	5.3e-04	44.7
NODE_443_length_221_cov_0.855422	sp|P06839|RAD3_YEAST	87.7	73	9	0	2	220	621	693	6.0e-32	137.5
NODE_444_length_221_cov_0.843373	sp|P37906|PUUB_ECOLI	41.4	70	41	0	10	219	19	88	1.3e-07	56.6
NODE_444_length_221_cov_0.843373	sp|O07622|YHFW_BACSU	40.9	66	39	0	1	198	21	86	5.1e-07	54.7
NODE_448_length_220_cov_1.387879	sp|P03643|G_BPPHS	75.0	28	7	0	217	134	148	175	3.1e-04	45.4
NODE_451_length_220_cov_0.860606	sp|I6XD65|PNCA_MYCTU	47.2	72	33	3	219	4	23	89	8.4e-10	63.9
NODE_455_length_220_cov_0.800000	sp|P39872|RL3_BOVIN	83.6	73	12	0	220	2	223	295	1.4e-28	126.3
NODE_455_length_220_cov_0.800000	sp|P39023|RL3_HUMAN	83.6	73	12	0	220	2	223	295	1.4e-28	126.3
NODE_455_length_220_cov_0.800000	sp|P27659|RL3_MOUSE	83.6	73	12	0	220	2	223	295	1.4e-28	126.3
NODE_455_length_220_cov_0.800000	sp|P21531|RL3_RAT	83.6	73	12	0	220	2	223	295	1.4e-28	126.3
NODE_455_length_220_cov_0.800000	sp|Q29293|RL3_PIG	83.6	73	12	0	220	2	20	92	1.8e-28	125.9
NODE_455_length_220_cov_0.800000	sp|Q4R5Q0|RL3_MACFA	82.2	73	13	0	220	2	223	295	5.8e-27	120.9
NODE_470_length_219_cov_0.798780	sp|P38090|AGP2_YEAST	56.0	50	22	0	153	4	296	345	5.1e-07	54.7
NODE_472_length_218_cov_0.871166	sp|Q9UN81|LORF1_HUMAN	65.3	49	17	0	165	19	1	49	4.1e-09	61.6
NODE_473_length_218_cov_0.865031	sp|P64327|MFD_MYCBO	56.6	83	25	2	217	2	1011	1093	1.8e-17	89.4
NODE_473_length_218_cov_0.865031	sp|P9WMQ4|MFD_MYCTO	56.6	83	25	2	217	2	1011	1093	1.8e-17	89.4
NODE_473_length_218_cov_0.865031	sp|P9WMQ5|MFD_MYCTU	56.6	83	25	2	217	2	1011	1093	1.8e-17	89.4
NODE_485_length_217_cov_0.876543	sp|P77774|BAMB_ECOLI	100.0	53	0	0	162	4	1	53	5.0e-23	107.8
NODE_485_length_217_cov_0.876543	sp|Q32D50|BAMB_SHIDS	100.0	53	0	0	162	4	1	53	5.0e-23	107.8
NODE_485_length_217_cov_0.876543	sp|H9L451|BAMB_SALTY	92.5	53	4	0	162	4	1	53	8.0e-21	100.5
NODE_486_length_217_cov_0.876543	sp|O06924|MADA_MALRU	53.0	66	31	0	217	20	489	554	1.2e-13	76.6
NODE_487_length_217_cov_0.870370	sp|Q9R9J1|MYCA_BACIU	42.0	69	40	0	11	217	153	221	2.2e-10	65.9
NODE_487_length_217_cov_0.870370	sp|Q55DR6|FCSA_DICDI	44.6	65	35	1	17	208	220	284	1.2e-08	60.1
NODE_488_length_217_cov_0.870370	sp|Q9UQ26|RIMS2_HUMAN	90.2	51	5	0	171	19	1170	1220	4.4e-19	94.7
NODE_488_length_217_cov_0.870370	sp|Q9EQZ7|RIMS2_MOUSE	97.9	47	1	0	159	19	1293	1339	7.5e-19	94.0
NODE_488_length_217_cov_0.870370	sp|Q9JIS1|RIMS2_RAT	97.9	47	1	0	159	19	1318	1364	7.5e-19	94.0
NODE_495_length_216_cov_0.881988	sp|Q6F2Y7|CLPB1_ORYSJ	98.6	72	1	0	216	1	245	316	5.4e-33	141.0
NODE_495_length_216_cov_0.881988	sp|P42730|CLPB1_ARATH	97.2	72	2	0	216	1	243	314	9.1e-33	140.2
NODE_500_length_216_cov_0.881988	sp|P10978|POLX_TOBAC	47.5	61	32	0	186	4	1169	1229	2.4e-09	62.4
NODE_504_length_216_cov_0.875776	sp|Q6UX73|CP089_HUMAN	54.7	75	31	1	1	216	328	402	1.6e-13	76.3
NODE_504_length_216_cov_0.875776	sp|Q8N7I0|GVQW1_HUMAN	58.9	73	27	2	4	216	107	178	2.8e-13	75.5
NODE_506_length_216_cov_0.850932	sp|Q97KI4|HISZ_CLOAB	44.4	72	40	0	1	216	235	306	1.5e-11	69.7
NODE_506_length_216_cov_0.850932	sp|Q9K6Z0|HISZ_BACHD	46.3	67	36	0	16	216	238	304	5.8e-11	67.8
NODE_506_length_216_cov_0.850932	sp|A5N7Q4|HISZ_CLOK5	40.3	72	43	0	1	216	235	306	5.8e-11	67.8
NODE_506_length_216_cov_0.850932	sp|B1ILA3|HISZ_CLOBK	38.9	72	44	0	1	216	235	306	1.7e-10	66.2
NODE_506_length_216_cov_0.850932	sp|A4J716|HISZ_DESRM	47.1	68	36	0	13	216	236	303	2.9e-10	65.5
NODE_506_length_216_cov_0.850932	sp|C3KVW9|HISZ_CLOB6	37.5	72	45	0	1	216	235	306	3.7e-10	65.1
NODE_506_length_216_cov_0.850932	sp|C1FN35|HISZ_CLOBJ	37.5	72	45	0	1	216	235	306	3.7e-10	65.1
NODE_506_length_216_cov_0.850932	sp|A7GDQ0|HISZ_CLOBL	37.5	72	45	0	1	216	235	306	3.7e-10	65.1
NODE_506_length_216_cov_0.850932	sp|Q5WDH6|HISZ_BACSK	41.7	72	42	0	1	216	233	304	4.9e-10	64.7
NODE_506_length_216_cov_0.850932	sp|A4ISR8|HISZ_GEOTN	47.2	72	38	0	1	216	234	305	6.4e-10	64.3
NODE_506_length_216_cov_0.850932	sp|Q2RGV6|HISZ_MOOTA	43.9	66	37	0	19	216	240	305	6.4e-10	64.3
NODE_506_length_216_cov_0.850932	sp|Q67KH4|HISZ_SYMTH	45.7	70	38	0	7	216	237	306	6.4e-10	64.3
NODE_506_length_216_cov_0.850932	sp|A8FHR5|HISZ_BACP2	40.3	72	43	0	1	216	230	301	8.3e-10	63.9
NODE_507_length_215_cov_0.887500	sp|Q9ZBA5|MURG_STRCO	71.8	71	20	0	1	213	246	316	1.9e-22	105.9
NODE_507_length_215_cov_0.887500	sp|Q9X4H4|MURG_STRCU	71.8	71	20	0	1	213	246	316	1.9e-22	105.9
NODE_507_length_215_cov_0.887500	sp|B3DQN1|MURG_BIFLD	71.8	71	20	0	1	213	277	347	3.2e-22	105.1
NODE_507_length_215_cov_0.887500	sp|Q8CY50|MURG_BIFLO	71.8	71	20	0	1	213	277	347	3.2e-22	105.1
NODE_507_length_215_cov_0.887500	sp|Q820F6|MURG_STRAW	70.4	71	21	0	1	213	246	316	4.2e-22	104.8
NODE_507_length_215_cov_0.887500	sp|B7GQ78|MURG_BIFLS	70.4	71	21	0	1	213	277	347	5.5e-22	104.4
NODE_507_length_215_cov_0.887500	sp|A0R016|MURG_MYCS2	73.1	67	18	0	1	201	265	331	7.9e-21	100.5
NODE_507_length_215_cov_0.887500	sp|A3Q1L8|MURG_MYCSJ	71.6	67	19	0	1	201	250	316	7.9e-21	100.5
NODE_507_length_215_cov_0.887500	sp|A1UI54|MURG_MYCSK	71.6	67	19	0	1	201	250	316	7.9e-21	100.5
NODE_507_length_215_cov_0.887500	sp|Q1B6X1|MURG_MYCSS	71.6	67	19	0	1	201	250	316	7.9e-21	100.5
NODE_507_length_215_cov_0.887500	sp|Q7VEP8|MURG_MYCBO	71.6	67	19	0	1	201	289	355	2.3e-20	99.0
NODE_507_length_215_cov_0.887500	sp|A1KKJ6|MURG_MYCBP	71.6	67	19	0	1	201	289	355	2.3e-20	99.0
NODE_507_length_215_cov_0.887500	sp|C1AQ69|MURG_MYCBT	71.6	67	19	0	1	201	289	355	2.3e-20	99.0
NODE_507_length_215_cov_0.887500	sp|A5U4I0|MURG_MYCTA	71.6	67	19	0	1	201	289	355	2.3e-20	99.0
NODE_507_length_215_cov_0.887500	sp|P9WJK8|MURG_MYCTO	71.6	67	19	0	1	201	289	355	2.3e-20	99.0
NODE_507_length_215_cov_0.887500	sp|P9WJK9|MURG_MYCTU	71.6	67	19	0	1	201	289	355	2.3e-20	99.0
NODE_507_length_215_cov_0.887500	sp|A1A2E9|MURG_BIFAA	64.8	71	25	0	1	213	276	346	3.9e-20	98.2
NODE_507_length_215_cov_0.887500	sp|B2HGR6|MURG_MYCMM	68.6	70	22	0	1	210	273	342	3.9e-20	98.2
NODE_507_length_215_cov_0.887500	sp|A0PTI7|MURG_MYCUA	68.6	70	22	0	1	210	273	342	3.9e-20	98.2
NODE_507_length_215_cov_0.887500	sp|A1TAW8|MURG_MYCVP	71.6	67	19	0	1	201	279	345	3.9e-20	98.2
NODE_507_length_215_cov_0.887500	sp|A0QF52|MURG_MYCA1	70.1	67	20	0	1	201	282	348	6.7e-20	97.4
NODE_507_length_215_cov_0.887500	sp|Q73YQ8|MURG_MYCPA	70.1	67	20	0	1	201	282	348	6.7e-20	97.4
NODE_507_length_215_cov_0.887500	sp|B8ZQQ0|MURG_MYCLB	70.1	67	20	0	1	201	279	345	1.1e-19	96.7
NODE_507_length_215_cov_0.887500	sp|O69552|MURG_MYCLE	70.1	67	20	0	1	201	279	345	1.1e-19	96.7
NODE_507_length_215_cov_0.887500	sp|A1SL80|MURG_NOCSJ	64.8	71	25	0	1	213	247	317	1.1e-19	96.7
NODE_511_length_215_cov_0.887500	sp|P38070|YPK3_YEAST	57.9	38	16	0	143	30	450	487	6.1e-05	47.8
NODE_512_length_215_cov_0.868750	sp|P52684|MAUR_KLEPN	49.3	71	36	0	215	3	219	289	5.5e-14	77.8
NODE_517_length_214_cov_0.861635	sp|P45861|YWJA_BACSU	47.1	70	37	0	2	211	202	271	5.7e-11	67.8
NODE_527_length_213_cov_0.873418	sp|P26496|PHAC2_PSEOL	71.0	69	20	0	209	3	115	183	3.2e-22	105.1
NODE_528_length_213_cov_0.784810	sp|O00370|LORF2_HUMAN	69.0	71	19	1	3	207	1016	1086	7.4e-19	94.0
NODE_532_length_212_cov_0.904459	sp|P94681|TSAC_COMTE	41.9	62	35	1	186	1	102	162	4.2e-06	51.6
NODE_532_length_212_cov_0.904459	sp|Q48436|BUDC_KLEPN	31.9	69	47	0	207	1	91	159	7.8e-05	47.4
NODE_541_length_211_cov_0.910256	sp|P09836|UHPC_ECOLI	98.6	69	1	0	3	209	317	385	5.2e-33	141.0
NODE_541_length_211_cov_0.910256	sp|P27669|UHPC_SALTY	98.6	69	1	0	3	209	317	385	6.8e-33	140.6
NODE_546_length_211_cov_0.910256	sp|O07539|YHAX_BACSU	44.1	68	38	0	211	8	4	71	6.2e-10	64.3
NODE_546_length_211_cov_0.910256	sp|P94592|YWPJ_BACSU	39.7	68	41	0	211	8	2	69	1.2e-08	60.1
NODE_546_length_211_cov_0.910256	sp|P42962|YCSE_BACSU	47.0	66	35	0	211	14	11	76	2.0e-08	59.3
NODE_546_length_211_cov_0.910256	sp|P96741|YWTE_BACSU	47.1	68	34	1	211	8	2	67	2.0e-08	59.3
NODE_548_length_211_cov_0.910256	sp|Q3U128|APCD1_MOUSE	98.2	56	1	0	171	4	258	313	3.0e-28	125.2
NODE_555_length_210_cov_0.916129	sp|P15928|FLIF_SALTY	36.2	69	44	0	208	2	97	165	5.4e-06	51.2
NODE_555_length_210_cov_0.916129	sp|O67241|FLIF_AQUAE	31.9	69	47	0	208	2	95	163	9.2e-06	50.4
NODE_555_length_210_cov_0.916129	sp|P25798|FLIF_ECOLI	33.3	69	46	0	208	2	94	162	2.1e-05	49.3
NODE_555_length_210_cov_0.916129	sp|P57175|FLIF_BUCAI	31.9	69	47	0	208	2	100	168	3.5e-05	48.5
NODE_555_length_210_cov_0.916129	sp|Q04954|FLIF_CAUVC	35.7	70	44	1	208	2	70	139	4.6e-05	48.1
NODE_557_length_210_cov_0.916129	sp|P62642|CHEB2_LEPIC	46.4	56	30	0	205	38	131	186	5.8e-08	57.8
NODE_557_length_210_cov_0.916129	sp|Q8F5D8|CHEB2_LEPIN	46.4	56	30	0	205	38	131	186	5.8e-08	57.8
NODE_559_length_210_cov_0.916129	sp|A8ALT6|SYI_CITK8	100.0	69	0	0	208	2	129	197	1.1e-35	149.8
NODE_559_length_210_cov_0.916129	sp|A7ZHB5|SYI_ECO24	100.0	69	0	0	208	2	129	197	1.1e-35	149.8
NODE_559_length_210_cov_0.916129	sp|B7UI71|SYI_ECO27	100.0	69	0	0	208	2	129	197	1.1e-35	149.8
NODE_559_length_210_cov_0.916129	sp|B7MAE6|SYI_ECO45	100.0	69	0	0	208	2	129	197	1.1e-35	149.8
NODE_559_length_210_cov_0.916129	sp|B7L4E8|SYI_ECO55	100.0	69	0	0	208	2	129	197	1.1e-35	149.8
NODE_559_length_210_cov_0.916129	sp|Q8XA49|SYI_ECO57	100.0	69	0	0	208	2	129	197	1.1e-35	149.8
NODE_559_length_210_cov_0.916129	sp|B5YYB8|SYI_ECO5E	100.0	69	0	0	208	2	129	197	1.1e-35	149.8
NODE_559_length_210_cov_0.916129	sp|B7NHD0|SYI_ECO7I	100.0	69	0	0	208	2	129	197	1.1e-35	149.8
NODE_559_length_210_cov_0.916129	sp|B7MNN1|SYI_ECO81	100.0	69	0	0	208	2	129	197	1.1e-35	149.8
NODE_559_length_210_cov_0.916129	sp|B7M0C2|SYI_ECO8A	100.0	69	0	0	208	2	129	197	1.1e-35	149.8
NODE_559_length_210_cov_0.916129	sp|C4ZPV2|SYI_ECOBW	100.0	69	0	0	208	2	129	197	1.1e-35	149.8
NODE_559_length_210_cov_0.916129	sp|B1XBF1|SYI_ECODH	100.0	69	0	0	208	2	129	197	1.1e-35	149.8
NODE_559_length_210_cov_0.916129	sp|A7ZVX4|SYI_ECOHS	100.0	69	0	0	208	2	129	197	1.1e-35	149.8
NODE_559_length_210_cov_0.916129	sp|A1A774|SYI_ECOK1	100.0	69	0	0	208	2	129	197	1.1e-35	149.8
NODE_559_length_210_cov_0.916129	sp|Q0TLW5|SYI_ECOL5	100.0	69	0	0	208	2	129	197	1.1e-35	149.8
NODE_559_length_210_cov_0.916129	sp|Q8FLB7|SYI_ECOL6	100.0	69	0	0	208	2	129	197	1.1e-35	149.8
NODE_559_length_210_cov_0.916129	sp|B1IRE9|SYI_ECOLC	100.0	69	0	0	208	2	129	197	1.1e-35	149.8
NODE_559_length_210_cov_0.916129	sp|P00956|SYI_ECOLI	100.0	69	0	0	208	2	129	197	1.1e-35	149.8
NODE_559_length_210_cov_0.916129	sp|B7N7Q0|SYI_ECOLU	100.0	69	0	0	208	2	129	197	1.1e-35	149.8
NODE_559_length_210_cov_0.916129	sp|B6HZ21|SYI_ECOSE	100.0	69	0	0	208	2	129	197	1.1e-35	149.8
NODE_559_length_210_cov_0.916129	sp|B1LFV6|SYI_ECOSM	100.0	69	0	0	208	2	129	197	1.1e-35	149.8
NODE_559_length_210_cov_0.916129	sp|Q1RGH6|SYI_ECOUT	100.0	69	0	0	208	2	129	197	1.1e-35	149.8
NODE_559_length_210_cov_0.916129	sp|B7LVN2|SYI_ESCF3	100.0	69	0	0	208	2	129	197	1.1e-35	149.8
NODE_559_length_210_cov_0.916129	sp|B2U245|SYI_SHIB3	100.0	69	0	0	208	2	129	197	1.1e-35	149.8
NODE_559_length_210_cov_0.916129	sp|Q326J7|SYI_SHIBS	100.0	69	0	0	208	2	129	197	1.1e-35	149.8
NODE_559_length_210_cov_0.916129	sp|Q32K71|SYI_SHIDS	100.0	69	0	0	208	2	129	197	1.1e-35	149.8
NODE_559_length_210_cov_0.916129	sp|Q83MH2|SYI_SHIFL	100.0	69	0	0	208	2	129	197	1.1e-35	149.8
NODE_559_length_210_cov_0.916129	sp|Q3Z5Y4|SYI_SHISS	100.0	69	0	0	208	2	129	197	1.1e-35	149.8
NODE_559_length_210_cov_0.916129	sp|A7MIM3|SYI_CROS8	98.6	69	1	0	208	2	129	197	4.3e-35	147.9
NODE_559_length_210_cov_0.916129	sp|Q57TL5|SYI_SALCH	97.1	69	2	0	208	2	129	197	2.1e-34	145.6
NODE_559_length_210_cov_0.916129	sp|B5R1N6|SYI_SALEP	97.1	69	2	0	208	2	129	197	2.1e-34	145.6
NODE_559_length_210_cov_0.916129	sp|B5RF43|SYI_SALG2	97.1	69	2	0	208	2	129	197	2.1e-34	145.6
NODE_559_length_210_cov_0.916129	sp|Q5PDL9|SYI_SALPA	97.1	69	2	0	208	2	129	197	2.1e-34	145.6
NODE_559_length_210_cov_0.916129	sp|B5BLL0|SYI_SALPK	97.1	69	2	0	208	2	129	197	2.1e-34	145.6
NODE_559_length_210_cov_0.916129	sp|Q8Z9N2|SYI_SALTI	97.1	69	2	0	208	2	129	197	2.1e-34	145.6
NODE_559_length_210_cov_0.916129	sp|Q8ZRZ0|SYI_SALTY	97.1	69	2	0	208	2	129	197	2.1e-34	145.6
NODE_559_length_210_cov_0.916129	sp|B5Y235|SYI_KLEP3	95.7	69	3	0	208	2	129	197	6.1e-34	144.1
NODE_559_length_210_cov_0.916129	sp|B2VGR6|SYI_ERWT9	89.9	69	7	0	208	2	129	197	9.8e-32	136.7
NODE_559_length_210_cov_0.916129	sp|Q2NVY6|SYI_SODGM	88.4	69	8	0	208	2	129	197	1.3e-31	136.3
NODE_562_length_210_cov_0.800000	sp|P9WQJ0|Y1273_MYCTO	46.3	67	36	0	7	207	239	305	1.6e-10	66.2
NODE_562_length_210_cov_0.800000	sp|P9WQJ1|Y1273_MYCTU	46.3	67	36	0	7	207	239	305	1.6e-10	66.2
NODE_562_length_210_cov_0.800000	sp|P0A4W5|Y1304_MYCBO	46.3	67	36	0	7	207	239	305	1.6e-10	66.2
NODE_565_length_209_cov_0.922078	sp|B7M2B1|RSMF_ECO8A	100.0	69	0	0	2	208	355	423	3.6e-34	144.8
NODE_565_length_209_cov_0.922078	sp|C4ZZJ2|RSMF_ECOBW	100.0	69	0	0	2	208	355	423	3.6e-34	144.8
NODE_565_length_209_cov_0.922078	sp|B1XHA3|RSMF_ECODH	100.0	69	0	0	2	208	355	423	3.6e-34	144.8
NODE_565_length_209_cov_0.922078	sp|P76273|RSMF_ECOLI	100.0	69	0	0	2	208	355	423	3.6e-34	144.8
NODE_565_length_209_cov_0.922078	sp|B7NBI3|RSMF_ECOLU	100.0	69	0	0	2	208	355	423	3.6e-34	144.8
NODE_565_length_209_cov_0.922078	sp|B6IBR3|RSMF_ECOSE	100.0	69	0	0	2	208	355	423	3.6e-34	144.8
NODE_565_length_209_cov_0.922078	sp|B7USL2|RSMF_ECO27	98.6	69	1	0	2	208	355	423	1.0e-33	143.3
NODE_565_length_209_cov_0.922078	sp|B7MBP2|RSMF_ECO45	98.6	69	1	0	2	208	355	423	1.0e-33	143.3
NODE_565_length_209_cov_0.922078	sp|B7NS84|RSMF_ECO7I	98.6	69	1	0	2	208	355	423	1.0e-33	143.3
NODE_565_length_209_cov_0.922078	sp|B7MVW5|RSMF_ECO81	98.6	69	1	0	2	208	355	423	1.0e-33	143.3
NODE_565_length_209_cov_0.922078	sp|A1AC00|RSMF_ECOK1	98.6	69	1	0	2	208	355	423	1.0e-33	143.3
NODE_565_length_209_cov_0.922078	sp|Q0TGZ7|RSMF_ECOL5	98.6	69	1	0	2	208	355	423	1.0e-33	143.3
NODE_565_length_209_cov_0.922078	sp|Q8FGS9|RSMF_ECOL6	98.6	69	1	0	2	208	355	423	1.0e-33	143.3
NODE_565_length_209_cov_0.922078	sp|B1LD37|RSMF_ECOSM	98.6	69	1	0	2	208	355	423	1.0e-33	143.3
NODE_565_length_209_cov_0.922078	sp|Q1RAV2|RSMF_ECOUT	98.6	69	1	0	2	208	355	423	1.0e-33	143.3
NODE_565_length_209_cov_0.922078	sp|A7ZMV8|RSMF_ECO24	97.1	69	2	0	2	208	355	423	2.3e-33	142.1
NODE_565_length_209_cov_0.922078	sp|B7L7N7|RSMF_ECO55	97.1	69	2	0	2	208	355	423	2.3e-33	142.1
NODE_565_length_209_cov_0.922078	sp|A8A133|RSMF_ECOHS	97.1	69	2	0	2	208	355	423	2.3e-33	142.1
NODE_565_length_209_cov_0.922078	sp|B1J0Q3|RSMF_ECOLC	97.1	69	2	0	2	208	355	423	2.3e-33	142.1
NODE_565_length_209_cov_0.922078	sp|B2U477|RSMF_SHIB3	97.1	69	2	0	2	208	355	423	2.3e-33	142.1
NODE_565_length_209_cov_0.922078	sp|Q3Z2H4|RSMF_SHISS	97.1	69	2	0	2	208	355	423	2.3e-33	142.1
NODE_565_length_209_cov_0.922078	sp|B7LPL0|RSMF_ESCF3	97.1	69	2	0	2	208	355	423	3.0e-33	141.7
NODE_565_length_209_cov_0.922078	sp|Q8XCL9|RSMF_ECO57	97.1	69	2	0	2	208	355	423	5.1e-33	141.0
NODE_565_length_209_cov_0.922078	sp|B5YQX9|RSMF_ECO5E	97.1	69	2	0	2	208	355	423	5.1e-33	141.0
NODE_565_length_209_cov_0.922078	sp|Q0T529|RSMF_SHIF8	97.1	69	2	0	2	208	355	423	6.7e-33	140.6
NODE_565_length_209_cov_0.922078	sp|Q83RJ3|RSMF_SHIFL	97.1	69	2	0	2	208	355	423	6.7e-33	140.6
NODE_565_length_209_cov_0.922078	sp|Q321Y0|RSMF_SHIBS	95.7	69	3	0	2	208	355	423	1.5e-32	139.4
NODE_565_length_209_cov_0.922078	sp|Q32F19|RSMF_SHIDS	97.1	69	2	0	2	208	355	423	1.5e-32	139.4
NODE_567_length_209_cov_0.922078	sp|O32197|LIAR_BACSU	52.2	46	22	0	139	2	2	47	2.8e-07	55.5
NODE_567_length_209_cov_0.922078	sp|Q2IQ87|CHEB3_ANADE	53.3	45	21	0	139	5	2	46	2.4e-06	52.4
NODE_567_length_209_cov_0.922078	sp|P0AF30|NARL_ECO57	46.5	43	23	0	133	5	9	51	4.1e-06	51.6
NODE_567_length_209_cov_0.922078	sp|P0AF29|NARL_ECOL6	46.5	43	23	0	133	5	9	51	4.1e-06	51.6
NODE_567_length_209_cov_0.922078	sp|P0AF28|NARL_ECOLI	46.5	43	23	0	133	5	9	51	4.1e-06	51.6
NODE_567_length_209_cov_0.922078	sp|P0AF31|NARL_SHIFL	46.5	43	23	0	133	5	9	51	4.1e-06	51.6
NODE_569_length_209_cov_0.922078	sp|B7UFX8|PDXB_ECO27	100.0	69	0	0	208	2	133	201	6.1e-34	144.1
NODE_569_length_209_cov_0.922078	sp|B7MG84|PDXB_ECO45	100.0	69	0	0	208	2	133	201	6.1e-34	144.1
NODE_569_length_209_cov_0.922078	sp|B7M6K1|PDXB_ECO8A	100.0	69	0	0	208	2	133	201	6.1e-34	144.1
NODE_569_length_209_cov_0.922078	sp|A8A2I9|PDXB_ECOHS	100.0	69	0	0	208	2	133	201	6.1e-34	144.1
NODE_569_length_209_cov_0.922078	sp|A1ADG9|PDXB_ECOK1	100.0	69	0	0	208	2	133	201	6.1e-34	144.1
NODE_569_length_209_cov_0.922078	sp|Q8FFH2|PDXB_ECOL6	100.0	69	0	0	208	2	133	201	6.1e-34	144.1
NODE_569_length_209_cov_0.922078	sp|B6I4U8|PDXB_ECOSE	100.0	69	0	0	208	2	133	201	6.1e-34	144.1
NODE_569_length_209_cov_0.922078	sp|B1LLS6|PDXB_ECOSM	100.0	69	0	0	208	2	133	201	6.1e-34	144.1
NODE_569_length_209_cov_0.922078	sp|Q1R992|PDXB_ECOUT	100.0	69	0	0	208	2	133	201	6.1e-34	144.1
NODE_569_length_209_cov_0.922078	sp|B7LLF0|PDXB_ESCF3	100.0	69	0	0	208	2	133	201	6.1e-34	144.1
NODE_569_length_209_cov_0.922078	sp|B2TWA2|PDXB_SHIB3	100.0	69	0	0	208	2	133	201	6.1e-34	144.1
NODE_569_length_209_cov_0.922078	sp|Q31YD8|PDXB_SHIBS	100.0	69	0	0	208	2	133	201	6.1e-34	144.1
NODE_569_length_209_cov_0.922078	sp|Q3YZP1|PDXB_SHISS	100.0	69	0	0	208	2	133	201	6.1e-34	144.1
NODE_569_length_209_cov_0.922078	sp|A7ZPD6|PDXB_ECO24	98.6	69	1	0	208	2	133	201	1.8e-33	142.5
NODE_569_length_209_cov_0.922078	sp|B7LBH4|PDXB_ECO55	98.6	69	1	0	208	2	133	201	1.8e-33	142.5
NODE_569_length_209_cov_0.922078	sp|B7N5T2|PDXB_ECOLU	98.6	69	1	0	208	2	133	201	3.0e-33	141.7
NODE_569_length_209_cov_0.922078	sp|C4ZVL3|PDXB_ECOBW	98.6	69	1	0	208	2	133	201	5.1e-33	141.0
NODE_569_length_209_cov_0.922078	sp|B1X931|PDXB_ECODH	98.6	69	1	0	208	2	133	201	5.1e-33	141.0
NODE_569_length_209_cov_0.922078	sp|B1IXM2|PDXB_ECOLC	98.6	69	1	0	208	2	133	201	5.1e-33	141.0
NODE_569_length_209_cov_0.922078	sp|P05459|PDXB_ECOLI	98.6	69	1	0	208	2	133	201	5.1e-33	141.0
NODE_569_length_209_cov_0.922078	sp|Q32DL6|PDXB_SHIDS	98.6	69	1	0	208	2	133	201	5.1e-33	141.0
NODE_569_length_209_cov_0.922078	sp|Q0T2G5|PDXB_SHIF8	98.6	69	1	0	208	2	133	201	5.1e-33	141.0
NODE_569_length_209_cov_0.922078	sp|Q83QR1|PDXB_SHIFL	98.6	69	1	0	208	2	133	201	5.1e-33	141.0
NODE_569_length_209_cov_0.922078	sp|B7NP01|PDXB_ECO7I	97.1	69	2	0	208	2	133	201	1.1e-32	139.8
NODE_569_length_209_cov_0.922078	sp|Q0TFC6|PDXB_ECOL5	97.1	69	2	0	208	2	133	201	1.1e-32	139.8
NODE_569_length_209_cov_0.922078	sp|B7MXZ7|PDXB_ECO81	95.7	69	3	0	208	2	133	201	3.3e-32	138.3
NODE_569_length_209_cov_0.922078	sp|Q8XCR0|PDXB_ECO57	97.1	69	2	0	208	2	133	201	4.3e-32	137.9
NODE_569_length_209_cov_0.922078	sp|B5YXW1|PDXB_ECO5E	97.1	69	2	0	208	2	133	201	4.3e-32	137.9
NODE_570_length_209_cov_0.922078	sp|Q9Z408|CSD_PSEPK	73.9	69	18	0	208	2	124	192	5.0e-20	97.8
NODE_570_length_209_cov_0.922078	sp|Q9HXX3|CSD_PSEAE	68.1	69	22	0	208	2	124	192	1.2e-18	93.2
NODE_576_length_208_cov_0.928105	sp|P11369|LORF2_MOUSE	47.6	42	22	0	208	83	1091	1132	3.8e-04	45.1
NODE_582_length_208_cov_0.928105	sp|P31827|YDDB_ECOLI	98.6	69	1	0	208	2	475	543	1.2e-34	146.4
NODE_583_length_208_cov_0.928105	sp|Q65EW5|TRHO_BACLD	76.1	67	16	0	202	2	25	91	6.3e-23	107.5
NODE_583_length_208_cov_0.928105	sp|Q8ESP9|TRHO_OCEIH	74.6	67	17	0	202	2	27	93	1.2e-21	103.2
NODE_583_length_208_cov_0.928105	sp|O31457|TRHO_BACSU	73.1	67	18	0	202	2	25	91	1.5e-21	102.8
NODE_583_length_208_cov_0.928105	sp|A0AII6|TRHO_LISW6	76.1	67	16	0	202	2	24	90	2.0e-21	102.4
NODE_583_length_208_cov_0.928105	sp|Q92BX1|TRHO_LISIN	76.1	67	16	0	202	2	24	90	2.6e-21	102.1
NODE_583_length_208_cov_0.928105	sp|A4VZL1|TRHO_STRS2	71.6	67	19	0	202	2	25	91	2.6e-21	102.1
NODE_583_length_208_cov_0.928105	sp|A4VTD4|TRHO_STRSY	71.6	67	19	0	202	2	25	91	2.6e-21	102.1
NODE_583_length_208_cov_0.928105	sp|C1L2U0|TRHO_LISMC	76.1	67	16	0	202	2	24	90	3.4e-21	101.7
NODE_583_length_208_cov_0.928105	sp|Q71ZT6|TRHO_LISMF	76.1	67	16	0	202	2	24	90	3.4e-21	101.7
NODE_583_length_208_cov_0.928105	sp|B8DFU3|TRHO_LISMH	76.1	67	16	0	202	2	24	90	3.4e-21	101.7
NODE_583_length_208_cov_0.928105	sp|Q8Y7A4|TRHO_LISMO	76.1	67	16	0	202	2	24	90	3.4e-21	101.7
NODE_583_length_208_cov_0.928105	sp|Q3K076|TRHO_STRA1	70.1	67	20	0	202	2	25	91	3.4e-21	101.7
NODE_583_length_208_cov_0.928105	sp|P67328|TRHO_STRA3	70.1	67	20	0	202	2	25	91	3.4e-21	101.7
NODE_583_length_208_cov_0.928105	sp|P67329|TRHO_STRA5	70.1	67	20	0	202	2	25	91	3.4e-21	101.7
NODE_583_length_208_cov_0.928105	sp|P67332|TRHO_STRP1	70.1	67	20	0	202	2	25	91	3.4e-21	101.7
NODE_583_length_208_cov_0.928105	sp|P0DG90|TRHO_STRP3	70.1	67	20	0	202	2	25	91	3.4e-21	101.7
NODE_583_length_208_cov_0.928105	sp|Q5XCI5|TRHO_STRP6	70.1	67	20	0	202	2	25	91	3.4e-21	101.7
NODE_583_length_208_cov_0.928105	sp|P67333|TRHO_STRP8	70.1	67	20	0	202	2	25	91	3.4e-21	101.7
NODE_583_length_208_cov_0.928105	sp|Q1JC67|TRHO_STRPB	70.1	67	20	0	202	2	25	91	3.4e-21	101.7
NODE_583_length_208_cov_0.928105	sp|Q1JM51|TRHO_STRPC	70.1	67	20	0	202	2	25	91	3.4e-21	101.7
NODE_583_length_208_cov_0.928105	sp|Q1JH95|TRHO_STRPD	70.1	67	20	0	202	2	25	91	3.4e-21	101.7
NODE_583_length_208_cov_0.928105	sp|Q1J713|TRHO_STRPF	70.1	67	20	0	202	2	25	91	3.4e-21	101.7
NODE_583_length_208_cov_0.928105	sp|A2REZ0|TRHO_STRPG	70.1	67	20	0	202	2	25	91	3.4e-21	101.7
NODE_583_length_208_cov_0.928105	sp|Q48TZ6|TRHO_STRPM	70.1	67	20	0	202	2	25	91	3.4e-21	101.7
NODE_583_length_208_cov_0.928105	sp|P0DG91|TRHO_STRPQ	70.1	67	20	0	202	2	25	91	3.4e-21	101.7
NODE_583_length_208_cov_0.928105	sp|B5XL29|TRHO_STRPZ	70.1	67	20	0	202	2	25	91	3.4e-21	101.7
NODE_583_length_208_cov_0.928105	sp|Q5HKM8|TRHO_STAEQ	70.1	67	20	0	202	2	23	89	4.5e-21	101.3
NODE_583_length_208_cov_0.928105	sp|A8F9I7|TRHO_BACP2	68.1	69	22	0	208	2	23	91	1.0e-20	100.1
NODE_583_length_208_cov_0.928105	sp|Q8CTV8|TRHO_STAES	70.1	67	20	0	202	2	23	89	1.0e-20	100.1
NODE_583_length_208_cov_0.928105	sp|A7X781|TRHO_STAA1	71.6	67	19	0	202	2	23	89	1.3e-20	99.8
NODE_583_length_208_cov_0.928105	sp|A6U574|TRHO_STAA2	71.6	67	19	0	202	2	23	89	1.3e-20	99.8
NODE_583_length_208_cov_0.928105	sp|Q2FDH2|TRHO_STAA3	71.6	67	19	0	202	2	23	89	1.3e-20	99.8
NODE_583_length_208_cov_0.928105	sp|Q2FUS7|TRHO_STAA8	71.6	67	19	0	202	2	23	89	1.3e-20	99.8
NODE_583_length_208_cov_0.928105	sp|A5IWB6|TRHO_STAA9	71.6	67	19	0	202	2	23	89	1.3e-20	99.8
NODE_583_length_208_cov_0.928105	sp|Q2YZA3|TRHO_STAAB	71.6	67	19	0	202	2	23	89	1.3e-20	99.8
NODE_583_length_208_cov_0.928105	sp|Q5HCK8|TRHO_STAAC	71.6	67	19	0	202	2	23	89	1.3e-20	99.8
NODE_583_length_208_cov_0.928105	sp|A6QKH7|TRHO_STAAE	71.6	67	19	0	202	2	23	89	1.3e-20	99.8
NODE_583_length_208_cov_0.928105	sp|P67326|TRHO_STAAM	71.6	67	19	0	202	2	23	89	1.3e-20	99.8
NODE_583_length_208_cov_0.928105	sp|P67327|TRHO_STAAN	71.6	67	19	0	202	2	23	89	1.3e-20	99.8
NODE_583_length_208_cov_0.928105	sp|Q6GDB5|TRHO_STAAR	71.6	67	19	0	202	2	23	89	1.3e-20	99.8
NODE_583_length_208_cov_0.928105	sp|Q6G5Y5|TRHO_STAAS	71.6	67	19	0	202	2	23	89	1.3e-20	99.8
NODE_583_length_208_cov_0.928105	sp|A8Z5J0|TRHO_STAAT	71.6	67	19	0	202	2	23	89	1.3e-20	99.8
NODE_583_length_208_cov_0.928105	sp|Q8NUH3|TRHO_STAAW	71.6	67	19	0	202	2	23	89	1.3e-20	99.8
NODE_583_length_208_cov_0.928105	sp|B9DUQ2|TRHO_STRU0	67.2	67	22	0	202	2	25	91	1.7e-20	99.4
NODE_583_length_208_cov_0.928105	sp|Q4L9R7|TRHO_STAHJ	68.7	67	21	0	202	2	23	89	3.8e-20	98.2
NODE_589_length_207_cov_0.934211	sp|P00561|AK1H_ECOLI	98.5	68	1	0	205	2	718	785	1.9e-32	139.0
NODE_605_length_206_cov_7.019868	sp|Q6EE23|RSAD2_SINCH	42.6	47	27	0	65	205	193	239	4.5e-05	48.1
NODE_605_length_206_cov_7.019868	sp|O70600|RSAD2_RAT	39.1	64	37	2	20	205	182	245	7.6e-05	47.4
NODE_605_length_206_cov_7.019868	sp|Q9MZU4|RSAD2_PIG	37.5	64	38	2	20	205	184	247	1.7e-04	46.2
NODE_605_length_206_cov_7.019868	sp|Q8WXG1|RSAD2_HUMAN	35.9	64	39	2	20	205	183	246	2.2e-04	45.8
NODE_605_length_206_cov_7.019868	sp|Q5RH95|RSAD2_DANRE	39.5	43	26	0	77	205	202	244	3.8e-04	45.1
NODE_605_length_206_cov_7.019868	sp|Q5RCW8|RSAD2_PONAB	35.9	64	39	2	20	205	183	246	3.8e-04	45.1
NODE_605_length_206_cov_7.019868	sp|Q8CBB9|RSAD2_MOUSE	37.5	64	38	2	20	205	184	247	4.9e-04	44.7
NODE_609_length_206_cov_0.940397	sp|Q05098|PFEA_PSEAE	57.4	68	29	0	205	2	250	317	2.3e-17	89.0
NODE_610_length_206_cov_0.940397	sp|F7V5D5|CAS1_CLOSS	55.1	49	22	0	4	151	18	66	8.1e-07	53.9
NODE_612_length_206_cov_0.940397	sp|Q8CAY6|THIC_MOUSE	57.1	56	24	0	201	34	9	64	7.9e-10	63.9
NODE_612_length_206_cov_0.940397	sp|Q5XI22|THIC_RAT	55.4	56	25	0	201	34	9	64	1.3e-09	63.2
NODE_612_length_206_cov_0.940397	sp|P44873|ATOB_HAEIN	53.6	69	30	1	201	1	5	73	5.1e-09	61.2
NODE_612_length_206_cov_0.940397	sp|P14611|THIL_CUPNH	47.8	69	34	1	201	1	5	73	1.5e-08	59.7
NODE_612_length_206_cov_0.940397	sp|Q86AD9|THIL1_DICDI	49.3	69	33	1	201	1	27	95	2.5e-08	58.9
NODE_616_length_206_cov_0.827815	sp|O93845|DPOE_EMENI	53.6	69	27	2	2	205	1713	1777	2.4e-11	68.9
NODE_616_length_206_cov_0.827815	sp|Q4WXH8|DPOE_ASPFU	48.5	68	32	1	2	205	1741	1805	2.7e-10	65.5
