NODE_1_length_17684_cov_19.694595	sp|P36616|DSK1_SCHPO	39.1	156	91	3	9478	9933	57	212	5.9e-20	104.0
NODE_1_length_17684_cov_19.694595	sp|Q45FA5|SRPK_PHYPO	25.6	441	264	18	9472	10759	31	419	2.0e-15	89.0
NODE_2_length_17315_cov_22.483244	sp|G4MWY1|GT2_MAGO7	39.9	439	220	9	12744	14052	41	438	3.0e-77	294.3
NODE_2_length_17315_cov_22.483244	sp|F9WWD1|GT2_ZYMTI	39.7	431	212	10	12744	14028	16	401	9.1e-74	282.7
NODE_2_length_17315_cov_22.483244	sp|Q02592|HMT1_SCHPO	28.1	591	384	12	14232	15948	249	817	1.5e-55	222.2
NODE_2_length_17315_cov_22.483244	sp|Q8T9W2|ABCB5_DICDI	31.5	489	303	12	14554	15948	213	693	1.7e-51	208.8
NODE_2_length_17315_cov_22.483244	sp|Q4PH16|ATM1_USTMA	29.8	484	323	8	14554	15954	250	733	2.4e-50	204.9
NODE_2_length_17315_cov_22.483244	sp|Q2UPC0|ACLQ_ASPOR	29.1	561	358	12	14377	15960	236	789	3.5e-49	201.1
NODE_2_length_17315_cov_22.483244	sp|B0YDH7|MTFA_ASPFC	39.3	318	126	8	11188	12048	52	333	1.5e-47	195.7
NODE_3_length_16469_cov_25.105434	sp|Q0CZH2|PYTC_ASPTN	30.0	367	162	13	14964	13893	42	323	4.7e-27	127.5
NODE_3_length_16469_cov_25.105434	sp|P9WEZ3|PYTC_ASPTE	29.3	368	163	13	14964	13893	42	323	3.0e-26	124.8
NODE_3_length_16469_cov_25.105434	sp|P36033|FRE2_YEAST	27.9	222	132	8	11254	11913	364	559	1.9e-12	79.0
NODE_3_length_16469_cov_25.105434	sp|Q08905|FRE3_YEAST	27.8	223	133	8	11251	11913	363	559	1.8e-10	72.4
NODE_7_length_11430_cov_30.900115	sp|Q04608|YD124_YEAST	42.3	78	35	1	10651	10884	89	156	9.5e-11	72.8
NODE_9_length_10947_cov_22.177911	sp|P22216|RAD53_YEAST	26.2	451	257	14	9073	10335	66	470	4.6e-23	113.6
NODE_10_length_10062_cov_31.542728	sp|Q2UEH7|ATRR_ASPOR	26.3	194	99	6	6845	7386	70	233	5.8e-04	50.1
NODE_10_length_10062_cov_31.542728	sp|Q5BEK1|AFOA_EMENI	58.1	31	13	0	6845	6937	15	45	9.9e-04	49.3
NODE_10_length_10062_cov_31.542728	sp|Q05958|ECM22_YEAST	48.6	35	18	0	6848	6952	44	78	9.9e-04	49.3
NODE_12_length_9124_cov_21.921641	sp|P29567|MTHT_METTF	35.2	108	47	4	3344	3084	57	162	5.1e-07	60.1
NODE_12_length_9124_cov_21.921641	sp|Q59606|MTF7_NEIGO	28.4	345	167	16	3557	2712	1	327	2.8e-05	54.3
NODE_13_length_8732_cov_23.626264	sp|P04323|POL3_DROME	30.1	103	47	2	108	341	377	479	2.7e-05	54.3
NODE_13_length_8732_cov_23.626264	sp|P10394|POL4_DROME	31.7	123	54	3	105	398	484	601	2.7e-05	54.3
NODE_13_length_8732_cov_23.626264	sp|P0DN32|CUPR1_ARTBC	24.3	173	115	6	4204	4698	18	182	7.7e-05	52.8
NODE_13_length_8732_cov_23.626264	sp|P20825|POL2_DROME	32.3	96	40	2	108	320	376	471	7.7e-05	52.8
NODE_13_length_8732_cov_23.626264	sp|D4B3I5|A3024_ARTBC	27.6	116	76	4	4219	4554	24	135	2.3e-04	51.2
NODE_14_length_8610_cov_23.202405	sp|Q6B9X6|VWKA_DICDI	38.1	97	53	4	1777	1499	499	592	8.7e-09	65.9
NODE_14_length_8610_cov_23.202405	sp|Q54DK4|AK1_DICDI	30.3	198	124	6	2056	1469	1011	1196	1.3e-07	62.0
NODE_15_length_8508_cov_27.106431	sp|Q6B9X6|VWKA_DICDI	30.6	196	116	10	6620	7180	408	592	2.5e-08	64.3
NODE_15_length_8508_cov_27.106431	sp|Q54DK4|AK1_DICDI	30.7	189	117	7	6623	7183	1011	1187	9.5e-08	62.4
NODE_18_length_8167_cov_24.483706	sp|P87175|APN2_SCHPO	29.1	570	284	14	2346	4025	60	519	2.5e-53	213.8
NODE_18_length_8167_cov_24.483706	sp|V5IRD7|COX13_NEUCR	34.4	186	31	3	1466	909	42	136	2.0e-10	71.2
NODE_18_length_8167_cov_24.483706	sp|Q9Y8D1|MAT1_COCCY	26.8	280	173	10	6814	7587	80	349	7.5e-10	69.3
NODE_18_length_8167_cov_24.483706	sp|Q02990|MAT1_COCHE	33.3	123	79	2	6817	7176	81	203	3.7e-09	67.0
NODE_18_length_8167_cov_24.483706	sp|O59851|MAT1_FUSOX	35.7	112	53	2	6695	7026	49	142	3.7e-09	67.0
NODE_18_length_8167_cov_24.483706	sp|Q9P446|MAT1_COCSA	28.4	176	107	3	6671	7188	48	207	1.8e-08	64.7
NODE_18_length_8167_cov_24.483706	sp|O13402|MAT1_COCCA	31.7	123	81	2	6817	7176	81	203	2.4e-08	64.3
NODE_20_length_7841_cov_21.218434	sp|P04146|COPIA_DROME	27.9	1189	735	30	4399	7774	224	1354	4.2e-111	405.6
NODE_20_length_7841_cov_21.218434	sp|P10978|POLX_TOBAC	44.2	484	251	6	6392	7801	810	1288	1.1e-103	380.9
NODE_20_length_7841_cov_21.218434	sp|Q94HW2|POLR1_ARATH	28.8	1126	734	31	4484	7759	318	1409	5.2e-101	372.1
NODE_22_length_7791_cov_33.655141	sp|P9WEZ3|PYTC_ASPTE	33.3	75	50	0	5492	5268	248	322	1.8e-05	54.7
NODE_22_length_7791_cov_33.655141	sp|Q0CZH2|PYTC_ASPTN	33.3	75	50	0	5492	5268	248	322	1.8e-05	54.7
NODE_22_length_7791_cov_33.655141	sp|A7XRZ1|TDIE_EMENI	35.1	74	48	0	5489	5268	231	304	3.1e-05	53.9
NODE_23_length_7757_cov_26.390301	sp|Q6B9X6|VWKA_DICDI	36.8	95	57	3	6297	6575	499	592	2.3e-08	64.3
NODE_23_length_7757_cov_26.390301	sp|Q54DK4|AK1_DICDI	31.7	189	113	8	6021	6578	1012	1187	5.6e-07	59.7
NODE_24_length_7482_cov_24.777702	sp|A2XBT1|FN3KR_ORYSI	26.6	259	149	11	5869	6634	102	323	4.7e-11	73.2
NODE_24_length_7482_cov_24.777702	sp|Q10SM2|FN3KR_ORYSJ	26.6	259	149	11	5869	6634	102	323	8.1e-11	72.4
NODE_24_length_7482_cov_24.777702	sp|Q9LEW8|FN3KR_ARATH	24.8	222	132	9	5968	6634	121	307	5.2e-10	69.7
NODE_24_length_7482_cov_24.777702	sp|Q00808|HETE1_PODAS	23.3	613	388	23	2917	1244	287	872	1.3e-08	65.1
NODE_24_length_7482_cov_24.777702	sp|Q2TBM9|SRAC1_BOVIN	27.9	179	78	6	4142	3648	399	540	2.3e-05	54.3
NODE_24_length_7482_cov_24.777702	sp|Q5SNQ7|SRAC1_DANRE	27.6	181	70	7	4142	3660	401	540	5.1e-05	53.1
NODE_25_length_7465_cov_25.233442	sp|Q6RY07|CHIA_RAT	29.8	363	195	12	5207	6219	43	370	7.3e-28	129.0
NODE_25_length_7465_cov_25.233442	sp|P09805|KTXA_KLULA	26.1	467	272	14	4901	6252	317	726	1.6e-27	127.9
NODE_25_length_7465_cov_25.233442	sp|Q13231|CHIT1_HUMAN	29.7	374	210	15	5145	6204	21	361	8.0e-27	125.6
NODE_25_length_7465_cov_25.233442	sp|Q95M17|CHIA_BOVIN	28.7	352	201	11	5207	6204	43	363	5.2e-26	122.9
NODE_25_length_7465_cov_25.233442	sp|Q9BZP6|CHIA_HUMAN	28.4	349	206	9	5207	6204	43	363	5.2e-26	122.9
NODE_25_length_7465_cov_25.233442	sp|Q91XA9|CHIA_MOUSE	28.5	361	202	11	5207	6219	43	370	6.8e-26	122.5
NODE_26_length_7256_cov_24.496143	sp|A1E2I4|MX1_MACMU	25.1	263	159	7	4871	4184	56	314	1.7e-05	54.7
NODE_26_length_7256_cov_24.496143	sp|P20591|MX1_HUMAN	25.5	263	158	6	4871	4184	56	314	2.9e-05	53.9
NODE_26_length_7256_cov_24.496143	sp|Q5R5G3|MX1_PONAB	25.5	263	158	6	4871	4184	56	314	4.9e-05	53.1
NODE_26_length_7256_cov_24.496143	sp|P33238|MX_ANAPL	25.9	266	155	7	4871	4166	117	371	6.4e-05	52.8
NODE_26_length_7256_cov_24.496143	sp|A7VK00|MX2_PIG	27.6	268	145	10	4871	4184	101	358	8.4e-05	52.4
NODE_26_length_7256_cov_24.496143	sp|Q6TKS7|MX_CTEID	24.0	267	160	8	4871	4184	29	290	8.4e-05	52.4
NODE_26_length_7256_cov_24.496143	sp|Q28379|MX1_HORSE	30.0	200	107	5	4871	4361	56	252	1.4e-04	51.6
NODE_26_length_7256_cov_24.496143	sp|Q8JH68|MXA_DANRE	26.2	271	158	11	4871	4163	23	286	1.4e-04	51.6
NODE_26_length_7256_cov_24.496143	sp|Q800G8|MXB_DANRE	26.6	271	157	11	4871	4163	23	286	1.4e-04	51.6
NODE_26_length_7256_cov_24.496143	sp|P79135|MX1_BOVIN	25.7	245	148	6	4871	4226	45	285	1.9e-04	51.2
NODE_26_length_7256_cov_24.496143	sp|Q6PW23|MX_EPICO	25.9	228	135	5	4871	4277	19	242	1.9e-04	51.2
NODE_26_length_7256_cov_24.496143	sp|Q91192|MX1_ONCMY	27.6	228	131	8	4871	4277	20	243	2.4e-04	50.8
NODE_26_length_7256_cov_24.496143	sp|P33237|MX1_SHEEP	24.9	237	144	6	4871	4250	51	283	2.4e-04	50.8
NODE_26_length_7256_cov_24.496143	sp|Q91196|MX2_ONCMY	26.8	228	133	8	4871	4277	20	243	2.4e-04	50.8
NODE_26_length_7256_cov_24.496143	sp|Q9N0Y2|MX2_CANLF	26.6	199	114	5	4871	4361	104	299	4.2e-04	50.1
NODE_26_length_7256_cov_24.496143	sp|Q9WVP9|MX2_MOUSE	29.0	200	109	6	4871	4361	49	245	4.2e-04	50.1
NODE_26_length_7256_cov_24.496143	sp|Q91197|MX3_ONCMY	27.6	228	131	8	4871	4277	20	243	4.2e-04	50.1
NODE_35_length_5917_cov_18.812090	sp|Q9UPE1|SRPK3_HUMAN	37.0	154	93	3	1134	1586	52	204	7.8e-17	92.0
NODE_35_length_5917_cov_18.812090	sp|P36616|DSK1_SCHPO	36.9	149	91	1	1146	1583	57	205	1.0e-16	91.7
NODE_35_length_5917_cov_18.812090	sp|P78362|SRPK2_HUMAN	34.4	154	97	2	1134	1586	54	206	1.0e-16	91.7
NODE_35_length_5917_cov_18.812090	sp|O54781|SRPK2_MOUSE	34.4	154	97	2	1134	1586	52	204	1.0e-16	91.7
NODE_35_length_5917_cov_18.812090	sp|Q9Z0G2|SRPK3_MOUSE	35.1	174	101	4	1098	1586	31	203	3.0e-16	90.1
NODE_35_length_5917_cov_18.812090	sp|B8Y466|SRPK3_PIG	36.4	154	94	3	1134	1586	52	204	5.1e-16	89.4
NODE_35_length_5917_cov_18.812090	sp|Q03656|SKY1_YEAST	32.1	156	100	1	1134	1583	130	285	1.5e-15	87.8
NODE_35_length_5917_cov_18.812090	sp|Q45FA5|SRPK_PHYPO	25.2	361	226	11	1134	2171	29	360	4.3e-15	86.3
NODE_35_length_5917_cov_18.812090	sp|Q03563|SPK1_CAEEL	31.4	172	114	2	1077	1583	376	546	5.6e-15	85.9
NODE_35_length_5917_cov_18.812090	sp|Q96SB4|SRPK1_HUMAN	30.2	205	130	4	996	1586	6	205	7.3e-15	85.5
NODE_35_length_5917_cov_18.812090	sp|Q5RD27|SRPK1_PONAB	29.8	205	131	4	996	1586	6	205	7.3e-15	85.5
NODE_35_length_5917_cov_18.812090	sp|O70551|SRPK1_MOUSE	29.8	205	131	4	996	1586	6	205	2.1e-14	84.0
NODE_36_length_5660_cov_21.500090	sp|Q99315|YG31B_YEAST	32.1	109	63	2	5	297	669	777	3.3e-04	50.1
NODE_36_length_5660_cov_21.500090	sp|Q7LHG5|YI31B_YEAST	32.1	109	63	2	5	297	695	803	3.3e-04	50.1
NODE_36_length_5660_cov_21.500090	sp|P20825|POL2_DROME	38.4	99	49	3	5	267	284	381	5.6e-04	49.3
NODE_37_length_5609_cov_21.870850	sp|P27636|CDC15_YEAST	24.7	243	163	7	3559	4266	48	277	1.0e-10	71.6
NODE_37_length_5609_cov_21.870850	sp|Q55GU0|Y9955_DICDI	25.0	216	131	5	3598	4194	694	895	5.1e-10	69.3
NODE_37_length_5609_cov_21.870850	sp|Q9C9U5|SIS8_ARATH	23.8	248	168	9	3607	4305	782	1023	2.5e-09	67.0
NODE_38_length_5586_cov_25.159949	sp|Q6C8T3|AIM9_YARLI	22.2	554	321	24	3571	2064	62	557	4.2e-12	76.3
NODE_45_length_5092_cov_23.239476	sp|P40456|ESL1_YEAST	23.5	340	216	14	2010	1051	106	421	7.4e-08	62.0
NODE_46_length_4892_cov_20.433578	sp|Q45FA5|SRPK_PHYPO	27.5	397	204	12	907	2040	31	362	1.3e-28	131.0
NODE_47_length_4835_cov_19.133178	sp|Q95SX7|RTBS_DROME	24.2	774	533	15	1361	3607	131	875	1.7e-46	190.3
NODE_47_length_4835_cov_19.133178	sp|Q9NBX4|RTXE_DROME	24.2	806	551	20	1358	3685	129	904	5.5e-45	185.3
NODE_51_length_4647_cov_30.656637	sp|Q2JH49|DNAJ_SYNJB	62.2	45	17	0	2666	2800	2	46	1.4e-05	54.3
NODE_51_length_4647_cov_30.656637	sp|Q8DKR7|DNAJ_THEEB	57.8	45	19	0	2666	2800	2	46	2.4e-05	53.5
NODE_51_length_4647_cov_30.656637	sp|Q9NXW2|DJB12_HUMAN	35.4	99	62	1	2507	2803	57	153	3.2e-05	53.1
NODE_51_length_4647_cov_30.656637	sp|Q2JW78|DNAJ_SYNJA	60.0	45	18	0	2666	2800	2	46	3.2e-05	53.1
NODE_51_length_4647_cov_30.656637	sp|B0CAZ0|DNAJ_ACAM1	41.9	62	36	0	2666	2851	2	63	4.1e-05	52.8
NODE_51_length_4647_cov_30.656637	sp|Q921R4|DJC14_MOUSE	53.5	43	20	0	2672	2800	444	486	5.4e-05	52.4
NODE_51_length_4647_cov_30.656637	sp|Q8YUA5|DNAJ_NOSS1	57.8	45	19	0	2666	2800	2	46	5.4e-05	52.4
NODE_51_length_4647_cov_30.656637	sp|Q3MG81|DNAJ_TRIV2	57.8	45	19	0	2666	2800	2	46	5.4e-05	52.4
NODE_51_length_4647_cov_30.656637	sp|Q95J56|DJC14_BOVIN	53.5	43	20	0	2672	2800	444	486	7.0e-05	52.0
NODE_51_length_4647_cov_30.656637	sp|Q6Y2X3|DJC14_HUMAN	53.5	43	20	0	2672	2800	443	485	7.0e-05	52.0
NODE_51_length_4647_cov_30.656637	sp|Q114R3|DNAJ_TRIEI	55.6	45	20	0	2666	2800	2	46	7.0e-05	52.0
NODE_51_length_4647_cov_30.656637	sp|Q58DR2|DJB12_BOVIN	31.9	113	71	2	2465	2803	47	153	9.2e-05	51.6
NODE_51_length_4647_cov_30.656637	sp|Q5XIX0|DJC14_RAT	53.5	43	20	0	2672	2800	444	486	9.2e-05	51.6
NODE_51_length_4647_cov_30.656637	sp|Q7ZXQ8|DJB14_XENLA	31.9	138	92	1	2389	2800	9	144	1.2e-04	51.2
NODE_51_length_4647_cov_30.656637	sp|Q56237|DNAJ2_THET8	61.0	41	16	0	2678	2800	8	48	1.2e-04	51.2
NODE_51_length_4647_cov_30.656637	sp|B0JW23|DNAJ_MICAN	59.1	44	18	0	2669	2800	3	46	1.6e-04	50.8
NODE_51_length_4647_cov_30.656637	sp|Q5BIP8|DNJB5_BOVIN	53.7	41	19	0	2678	2800	6	46	1.6e-04	50.8
NODE_51_length_4647_cov_30.656637	sp|O75953|DNJB5_HUMAN	53.7	41	19	0	2678	2800	6	46	1.6e-04	50.8
NODE_51_length_4647_cov_30.656637	sp|O89114|DNJB5_MOUSE	53.7	41	19	0	2678	2800	6	46	1.6e-04	50.8
NODE_51_length_4647_cov_30.656637	sp|P97554|DNJB9_RAT	50.0	48	24	0	2657	2800	21	68	1.6e-04	50.8
NODE_51_length_4647_cov_30.656637	sp|B2J3J3|DNAJ_NOSP7	53.3	45	21	0	2666	2800	2	46	2.0e-04	50.4
NODE_51_length_4647_cov_30.656637	sp|Q5N0G1|DNAJ_SYNP6	51.1	45	22	0	2666	2800	2	46	2.0e-04	50.4
NODE_51_length_4647_cov_30.656637	sp|B1XQF6|DNAJ_SYNP2	55.6	45	20	0	2666	2800	2	46	2.7e-04	50.1
NODE_53_length_4427_cov_19.496977	sp|Q54HY8|BCS1A_DICDI	35.9	298	170	6	2632	1748	131	410	5.2e-42	175.3
NODE_53_length_4427_cov_19.496977	sp|Q9P6Q3|BCS1_SCHPO	38.0	258	134	3	2491	1724	199	432	5.2e-42	175.3
NODE_53_length_4427_cov_19.496977	sp|Q5E9H5|BCS1_BOVIN	33.0	339	201	9	2746	1748	94	412	1.2e-38	164.1
NODE_53_length_4427_cov_19.496977	sp|Q7ZTL7|BCS1_XENLA	31.9	339	199	8	2737	1748	97	412	1.6e-38	163.7
NODE_53_length_4427_cov_19.496977	sp|P32839|BCS1_YEAST	33.4	293	169	6	2620	1748	176	444	2.7e-38	162.9
NODE_53_length_4427_cov_19.496977	sp|Q54DY9|BCS1B_DICDI	33.4	314	171	6	2632	1751	154	449	4.6e-38	162.2
NODE_54_length_4409_cov_27.794255	sp|P40456|ESL1_YEAST	23.0	282	178	10	1850	1083	164	432	1.7e-08	63.9
NODE_54_length_4409_cov_27.794255	sp|P36168|ESL2_YEAST	25.6	223	150	9	1748	1110	275	491	6.4e-08	62.0
NODE_56_length_4304_cov_42.690687	sp|Q95SX7|RTBS_DROME	25.9	394	264	11	2485	1349	490	870	1.5e-25	120.6
NODE_58_length_4177_cov_23.075556	sp|P04146|COPIA_DROME	45.9	61	30	1	2931	2749	1326	1383	1.7e-05	53.9
NODE_59_length_4112_cov_28.159598	sp|Q8I7P9|POL5_DROME	25.6	399	263	9	2380	3552	139	511	2.4e-20	103.2
NODE_71_length_3541_cov_23.510838	sp|Q12333|FRE7_YEAST	24.8	310	197	10	1794	897	160	444	1.1e-10	70.9
NODE_71_length_3541_cov_23.510838	sp|A6ZN61|FRE7_YEAS7	24.2	310	199	10	1794	897	160	444	6.1e-09	65.1
NODE_76_length_3356_cov_21.401363	sp|P49759|CLK1_HUMAN	28.3	230	114	9	2111	2760	286	477	7.8e-06	54.7
NODE_76_length_3356_cov_21.401363	sp|Q1ZXC8|PXI_DICDI	49.0	51	25	1	2611	2763	215	264	2.3e-05	53.1
NODE_76_length_3356_cov_21.401363	sp|Q14012|KCC1A_HUMAN	42.2	64	31	2	2572	2763	220	277	3.9e-05	52.4
NODE_76_length_3356_cov_21.401363	sp|Q91YS8|KCC1A_MOUSE	42.2	64	31	2	2572	2763	220	277	3.9e-05	52.4
NODE_76_length_3356_cov_21.401363	sp|Q63450|KCC1A_RAT	42.2	64	31	2	2572	2763	220	277	3.9e-05	52.4
NODE_76_length_3356_cov_21.401363	sp|P22518|CLK1_MOUSE	27.4	230	116	10	2111	2760	285	476	8.7e-05	51.2
NODE_76_length_3356_cov_21.401363	sp|Q8IU85|KCC1D_HUMAN	40.6	64	32	2	2572	2763	223	280	1.5e-04	50.4
NODE_76_length_3356_cov_21.401363	sp|Q8BW96|KCC1D_MOUSE	40.6	64	32	2	2572	2763	223	280	1.5e-04	50.4
NODE_80_length_3246_cov_22.343700	sp|Q54DY9|BCS1B_DICDI	34.9	327	174	7	2858	1938	151	458	1.4e-47	193.4
NODE_80_length_3246_cov_22.343700	sp|Q9Y276|BCS1_HUMAN	37.9	311	164	7	2870	1953	129	415	7.5e-46	187.6
NODE_80_length_3246_cov_22.343700	sp|Q5E9H5|BCS1_BOVIN	37.3	311	166	6	2870	1953	129	415	3.7e-45	185.3
NODE_80_length_3246_cov_22.343700	sp|Q9CZP5|BCS1_MOUSE	38.3	311	163	7	2870	1953	129	415	2.4e-44	182.6
NODE_80_length_3246_cov_22.343700	sp|Q7ZTL7|BCS1_XENLA	36.5	307	170	5	2870	1959	129	413	7.8e-43	177.6
NODE_80_length_3246_cov_22.343700	sp|Q9P6Q3|BCS1_SCHPO	36.8	323	170	10	2909	1953	135	427	1.0e-42	177.2
NODE_86_length_3058_cov_22.893552	sp|A6ZR36|AIM9_YEAS7	23.7	574	334	27	279	1783	56	597	2.2e-15	86.3
NODE_86_length_3058_cov_22.893552	sp|B3LRJ8|AIM9_YEAS1	23.5	574	335	27	279	1783	56	597	3.8e-15	85.5
NODE_86_length_3058_cov_22.893552	sp|P40053|AIM9_YEAST	23.5	574	335	27	279	1783	56	597	3.8e-15	85.5
NODE_86_length_3058_cov_22.893552	sp|C7GRR3|AIM9_YEAS2	23.5	574	335	27	279	1783	56	597	6.4e-15	84.7
NODE_86_length_3058_cov_22.893552	sp|C8Z792|AIM9_YEAS8	23.5	574	335	27	279	1783	56	597	6.4e-15	84.7
NODE_87_length_2988_cov_20.350227	sp|C5MED4|AIM9_CANTT	22.9	590	342	22	2620	1025	57	591	1.8e-17	93.2
NODE_87_length_2988_cov_20.350227	sp|Q5A922|AIM9_CANAL	21.2	614	331	23	2620	1013	61	599	3.3e-16	89.0
NODE_87_length_2988_cov_20.350227	sp|C4YFD4|AIM9_CANAW	21.7	614	328	24	2620	1013	61	599	4.4e-16	88.6
NODE_87_length_2988_cov_20.350227	sp|Q6C8T3|AIM9_YARLI	23.6	526	315	22	2614	1133	63	533	7.4e-16	87.8
NODE_87_length_2988_cov_20.350227	sp|B9W6S2|AIM9_CANDC	22.8	593	347	23	2620	1013	61	599	9.7e-16	87.4
NODE_87_length_2988_cov_20.350227	sp|C4Y3M4|AIM9_CLAL4	21.0	604	349	22	2620	1004	49	589	1.7e-15	86.7
NODE_87_length_2988_cov_20.350227	sp|P40053|AIM9_YEAST	22.7	620	333	24	2614	1004	58	614	1.7e-15	86.7
NODE_87_length_2988_cov_20.350227	sp|A6ZR36|AIM9_YEAS7	22.7	620	333	24	2614	1004	58	614	2.2e-15	86.3
NODE_87_length_2988_cov_20.350227	sp|Q6BRP6|AIM9_DEBHA	19.7	598	363	21	2614	1025	59	607	2.8e-15	85.9
NODE_87_length_2988_cov_20.350227	sp|C7GRR3|AIM9_YEAS2	22.7	620	333	24	2614	1004	58	614	2.8e-15	85.9
NODE_87_length_2988_cov_20.350227	sp|C8Z792|AIM9_YEAS8	22.7	620	333	24	2614	1004	58	614	2.8e-15	85.9
NODE_88_length_2912_cov_24.963375	sp|Q6B9X6|VWKA_DICDI	28.0	211	139	8	1042	1656	389	592	1.7e-09	66.6
NODE_88_length_2912_cov_24.963375	sp|Q54DK4|AK1_DICDI	32.1	190	113	8	1099	1659	1011	1187	2.5e-08	62.8
NODE_100_length_2469_cov_20.885141	sp|Q04608|YD124_YEAST	42.3	78	35	1	2073	1840	89	156	2.7e-11	72.4
NODE_120_length_1902_cov_21.501408	sp|Q54DY9|BCS1B_DICDI	31.2	359	212	8	1704	704	67	415	1.0e-39	166.4
NODE_120_length_1902_cov_21.501408	sp|Q9P6Q3|BCS1_SCHPO	30.9	388	218	12	1680	575	67	423	4.6e-35	151.0
NODE_120_length_1902_cov_21.501408	sp|Q7ZTL7|BCS1_XENLA	33.2	322	182	9	1704	776	50	350	5.9e-35	150.6
NODE_135_length_1613_cov_20.743607	sp|Q5UQ73|YL509_MIMIV	27.3	275	163	11	1574	807	1	257	2.8e-17	91.7
NODE_143_length_1444_cov_21.864085	sp|Q9H3F6|BACD3_HUMAN	34.6	104	58	2	819	508	31	124	2.9e-05	51.6
NODE_143_length_1444_cov_21.864085	sp|Q7TPL3|BACD3_RAT	34.6	104	58	2	819	508	31	124	3.7e-05	51.2
NODE_143_length_1444_cov_21.864085	sp|Q922M3|BACD3_MOUSE	34.6	104	58	2	819	508	31	124	8.3e-05	50.1
NODE_144_length_1441_cov_28.796043	sp|Q9H3F6|BACD3_HUMAN	32.8	116	68	2	380	727	19	124	2.8e-05	51.6
NODE_144_length_1441_cov_28.796043	sp|Q7TPL3|BACD3_RAT	32.8	116	68	2	380	727	19	124	3.7e-05	51.2
NODE_144_length_1441_cov_28.796043	sp|Q922M3|BACD3_MOUSE	32.8	116	68	2	380	727	19	124	8.3e-05	50.1
NODE_150_length_1326_cov_21.514595	sp|Q9UR07|TF211_SCHPO	22.6	266	197	5	44	835	910	1168	6.2e-07	57.0
NODE_150_length_1326_cov_21.514595	sp|P0CT41|TF212_SCHPO	22.6	266	197	5	44	835	910	1168	6.2e-07	57.0
NODE_150_length_1326_cov_21.514595	sp|P0CT34|TF21_SCHPO	22.6	266	197	5	44	835	910	1168	6.2e-07	57.0
NODE_150_length_1326_cov_21.514595	sp|P0CT35|TF22_SCHPO	22.6	266	197	5	44	835	910	1168	6.2e-07	57.0
NODE_150_length_1326_cov_21.514595	sp|P0CT36|TF23_SCHPO	22.6	266	197	5	44	835	910	1168	6.2e-07	57.0
NODE_150_length_1326_cov_21.514595	sp|P0CT37|TF24_SCHPO	22.6	266	197	5	44	835	910	1168	6.2e-07	57.0
NODE_150_length_1326_cov_21.514595	sp|P0CT38|TF25_SCHPO	22.6	266	197	5	44	835	910	1168	6.2e-07	57.0
NODE_150_length_1326_cov_21.514595	sp|P0CT39|TF26_SCHPO	22.6	266	197	5	44	835	910	1168	6.2e-07	57.0
NODE_150_length_1326_cov_21.514595	sp|P0CT42|TF27_SCHPO	22.6	266	197	5	44	835	910	1168	6.2e-07	57.0
NODE_150_length_1326_cov_21.514595	sp|P0CT43|TF28_SCHPO	22.6	266	197	5	44	835	910	1168	6.2e-07	57.0
NODE_150_length_1326_cov_21.514595	sp|P0CT40|TF29_SCHPO	22.6	266	197	5	44	835	910	1168	6.2e-07	57.0
NODE_164_length_1151_cov_12.119141	sp|O13492|FOLE_NEUCR	45.8	83	39	1	1132	903	218	300	1.5e-09	65.5
NODE_209_length_793_cov_10.271772	sp|E9F8M1|SWNN_METRA	29.5	88	61	1	126	386	169	256	6.6e-04	46.2
NODE_223_length_712_cov_0.791453	sp|P0A9M1|LON_ECOL6	83.3	36	6	0	408	301	332	367	1.2e-09	65.1
NODE_223_length_712_cov_0.791453	sp|P0A9M0|LON_ECOLI	83.3	36	6	0	408	301	332	367	1.2e-09	65.1
NODE_223_length_712_cov_0.791453	sp|P43864|LON_HAEIN	86.1	36	5	0	408	301	332	367	1.2e-09	65.1
NODE_223_length_712_cov_0.791453	sp|Q32JJ5|LON_SHIDS	83.3	36	6	0	408	301	332	367	1.2e-09	65.1
NODE_223_length_712_cov_0.791453	sp|P46067|LON_ERWAM	83.3	36	6	0	408	301	332	367	1.6e-09	64.7
NODE_223_length_712_cov_0.791453	sp|Q89A99|LON_BUCBP	80.5	41	7	1	408	289	332	372	2.1e-09	64.3
NODE_223_length_712_cov_0.791453	sp|P74956|LON_VIBPA	80.6	36	7	0	408	301	331	366	3.6e-09	63.5
NODE_223_length_712_cov_0.791453	sp|Q8K988|LON_BUCAP	80.6	36	7	0	408	301	332	367	4.7e-09	63.2
NODE_223_length_712_cov_0.791453	sp|Q5H432|LON_XANOR	83.3	36	6	0	408	301	360	395	4.7e-09	63.2
NODE_223_length_712_cov_0.791453	sp|Q31GE9|LON1_HYDCU	84.8	33	5	0	408	310	334	366	1.0e-08	62.0
NODE_223_length_712_cov_0.791453	sp|B7GXS7|LON_ACIB3	77.8	36	8	0	408	301	345	380	1.8e-08	61.2
NODE_223_length_712_cov_0.791453	sp|P57549|LON_BUCAI	75.0	36	9	0	408	301	332	367	2.3e-08	60.8
NODE_223_length_712_cov_0.791453	sp|P0CAW0|LON_CAUVC	77.8	36	8	0	408	301	328	363	4.0e-08	60.1
NODE_223_length_712_cov_0.791453	sp|B8GX12|LON_CAUVN	77.8	36	8	0	408	301	328	363	4.0e-08	60.1
NODE_257_length_612_cov_5.410309	sp|Q9C7F2|AB14B_ARATH	34.8	115	70	2	142	474	1027	1140	6.2e-10	65.9
NODE_257_length_612_cov_5.410309	sp|Q704E8|ABCB7_RAT	37.1	116	68	2	127	462	486	600	1.8e-09	64.3
NODE_257_length_612_cov_5.410309	sp|Q61102|ABCB7_MOUSE	36.2	116	69	2	127	462	486	600	3.1e-09	63.5
NODE_257_length_612_cov_5.410309	sp|O75027|ABCB7_HUMAN	36.2	116	69	2	127	462	486	600	5.2e-09	62.8
NODE_257_length_612_cov_5.410309	sp|Q8T9W2|ABCB5_DICDI	32.2	143	87	3	61	462	447	588	6.9e-09	62.4
NODE_257_length_612_cov_5.410309	sp|P54719|YFIC_BACSU	26.9	197	135	4	37	603	347	542	6.9e-09	62.4
NODE_257_length_612_cov_5.410309	sp|Q9M0G9|AB24B_ARATH	33.3	111	69	2	142	462	458	567	1.5e-08	61.2
NODE_257_length_612_cov_5.410309	sp|Q4HVU7|ATM1_GIBZE	33.0	112	70	2	139	462	457	567	3.4e-08	60.1
NODE_257_length_612_cov_5.410309	sp|Q7RX59|ATM1_NEUCR	33.9	112	69	2	139	462	467	577	3.4e-08	60.1
NODE_271_length_593_cov_1.566524	sp|P04146|COPIA_DROME	38.9	95	57	1	3	287	1307	1400	4.1e-11	69.7
NODE_291_length_546_cov_0.584726	sp|P22190|YMC2_SCHPO	42.3	130	63	4	3	380	122	243	1.7e-19	97.4
NODE_293_length_541_cov_0.951691	sp|P15563|YMN3_PODAN	37.1	159	68	4	68	515	133	269	3.4e-12	73.2
NODE_293_length_541_cov_0.951691	sp|Q35135|IEND3_NEUCR	30.4	158	82	2	68	512	232	371	6.5e-11	68.9
NODE_297_length_533_cov_0.842365	sp|Q54CX6|3HIDH_DICDI	51.7	60	25	1	394	228	236	295	4.7e-06	52.8
NODE_297_length_533_cov_0.842365	sp|P31937|3HIDH_HUMAN	53.7	41	19	0	350	228	272	312	1.4e-05	51.2
NODE_297_length_533_cov_0.842365	sp|Q99L13|3HIDH_MOUSE	46.2	52	25	1	383	228	263	311	1.4e-05	51.2
NODE_297_length_533_cov_0.842365	sp|P29266|3HIDH_RAT	51.2	41	20	0	350	228	271	311	4.0e-05	49.7
NODE_297_length_533_cov_0.842365	sp|Q5R5E7|3HIDH_PONAB	51.2	41	20	0	350	228	272	312	5.2e-05	49.3
NODE_297_length_533_cov_0.842365	sp|Q2HJD7|3HIDH_BOVIN	51.2	41	20	0	350	228	272	312	6.8e-05	48.9
NODE_308_length_520_cov_1.575064	sp|P72366|CSPA_STIAD	88.5	26	3	0	293	216	1	26	4.6e-06	52.8
NODE_308_length_520_cov_1.575064	sp|P27484|GRP2_NICSY	80.0	25	5	0	290	216	9	33	5.1e-05	49.3
NODE_309_length_519_cov_0.747449	sp|A8L551|LEU1_FRASN	67.7	96	31	0	288	1	5	100	7.5e-33	141.7
NODE_309_length_519_cov_0.747449	sp|A0JX36|LEU1_ARTS2	66.7	102	31	1	297	1	2	103	4.9e-32	139.0
NODE_309_length_519_cov_0.747449	sp|B8H8Q9|LEU1_PSECP	65.7	102	32	1	297	1	2	103	4.9e-32	139.0
NODE_309_length_519_cov_0.747449	sp|A1R6V4|LEU1_PAEAT	65.7	102	32	1	297	1	2	103	6.4e-32	138.7
NODE_309_length_519_cov_0.747449	sp|A9WML8|LEU1_RENSM	65.7	102	32	1	297	1	2	103	2.4e-31	136.7
NODE_309_length_519_cov_0.747449	sp|Q7TVV6|LEU1_MYCBO	64.0	100	32	1	288	1	36	135	9.2e-31	134.8
NODE_309_length_519_cov_0.747449	sp|P9WQB2|LEU1_MYCTO	64.0	100	32	1	288	1	36	135	9.2e-31	134.8
NODE_309_length_519_cov_0.747449	sp|P9WQB3|LEU1_MYCTU	64.0	100	32	1	288	1	36	135	9.2e-31	134.8
NODE_309_length_519_cov_0.747449	sp|P42455|LEU1_CORGL	65.0	100	31	1	288	1	31	130	1.6e-30	134.0
NODE_309_length_519_cov_0.747449	sp|Q47RM9|LEU1_THEFY	65.3	98	34	0	294	1	3	100	2.1e-30	133.7
NODE_309_length_519_cov_0.747449	sp|A6WDF2|LEU1_KINRD	63.6	99	33	1	288	1	5	103	2.7e-30	133.3
NODE_309_length_519_cov_0.747449	sp|A4QAP0|LEU1_CORGB	64.0	100	32	1	288	1	31	130	1.0e-29	131.3
NODE_309_length_519_cov_0.747449	sp|B2GHT7|LEU1_KOCRD	62.6	99	34	1	288	1	5	103	2.3e-29	130.2
NODE_309_length_519_cov_0.747449	sp|Q8FU05|LEU1_COREF	65.3	95	29	1	273	1	1	95	3.0e-29	129.8
NODE_309_length_519_cov_0.747449	sp|A0PVE6|LEU1_MYCUA	65.3	95	29	2	273	1	1	95	3.0e-29	129.8
NODE_309_length_519_cov_0.747449	sp|A4XY24|LEU1_PSEMY	65.6	90	31	0	270	1	7	96	3.0e-29	129.8
NODE_309_length_519_cov_0.747449	sp|A5CRB9|LEU1_CLAM3	62.6	99	34	1	288	1	5	103	5.1e-29	129.0
NODE_315_length_513_cov_0.816062	sp|P10978|POLX_TOBAC	52.2	157	75	0	478	8	457	613	1.3e-40	167.5
NODE_323_length_504_cov_57.010610	sp|P52959|CTF1B_FUSSO	33.7	89	51	2	1	246	4	91	9.0e-07	55.1
NODE_340_length_499_cov_0.935484	sp|Q9P6Q3|BCS1_SCHPO	62.2	37	14	0	199	309	228	264	3.1e-07	56.6
NODE_340_length_499_cov_0.935484	sp|Q54HY8|BCS1A_DICDI	44.8	58	28	1	199	372	207	260	5.8e-06	52.4
NODE_340_length_499_cov_0.935484	sp|P32839|BCS1_YEAST	44.4	54	27	1	148	309	232	282	5.8e-06	52.4
NODE_340_length_499_cov_0.935484	sp|Q7ZTL7|BCS1_XENLA	42.2	64	32	2	130	309	183	245	7.5e-06	52.0
NODE_348_length_496_cov_0.943089	sp|B1JTF3|RS6_BURCC	90.0	40	4	0	302	183	18	57	1.7e-13	77.4
NODE_348_length_496_cov_0.943089	sp|B4EBH3|RS6_BURCJ	90.0	40	4	0	302	183	18	57	1.7e-13	77.4
NODE_348_length_496_cov_0.943089	sp|A3MKD6|RS6_BURM7	90.0	40	4	0	302	183	18	57	1.7e-13	77.4
NODE_348_length_496_cov_0.943089	sp|A2S242|RS6_BURM9	90.0	40	4	0	302	183	18	57	1.7e-13	77.4
NODE_348_length_496_cov_0.943089	sp|Q62JQ9|RS6_BURMA	90.0	40	4	0	302	183	18	57	1.7e-13	77.4
NODE_348_length_496_cov_0.943089	sp|A1V4R1|RS6_BURMS	90.0	40	4	0	302	183	18	57	1.7e-13	77.4
NODE_348_length_496_cov_0.943089	sp|A3NW34|RS6_BURP0	90.0	40	4	0	302	183	18	57	1.7e-13	77.4
NODE_348_length_496_cov_0.943089	sp|Q3JRJ2|RS6_BURP1	90.0	40	4	0	302	183	18	57	1.7e-13	77.4
NODE_348_length_496_cov_0.943089	sp|A3NAB6|RS6_BURP6	90.0	40	4	0	302	183	18	57	1.7e-13	77.4
NODE_348_length_496_cov_0.943089	sp|Q63UY6|RS6_BURPS	90.0	40	4	0	302	183	18	57	1.7e-13	77.4
NODE_348_length_496_cov_0.943089	sp|Q2SWJ9|RS6_BURTA	90.0	40	4	0	302	183	18	57	1.7e-13	77.4
NODE_348_length_496_cov_0.943089	sp|B2T3N3|RS6_PARPJ	87.5	40	5	0	302	183	18	57	2.2e-13	77.0
NODE_348_length_496_cov_0.943089	sp|Q13ZH2|RS6_PARXL	87.5	40	5	0	302	183	18	57	2.2e-13	77.0
NODE_348_length_496_cov_0.943089	sp|Q39FJ8|RS6_BURL3	87.5	40	5	0	302	183	18	57	3.7e-13	76.3
NODE_348_length_496_cov_0.943089	sp|A9AJW1|RS6_BURM1	87.5	40	5	0	302	183	18	57	3.7e-13	76.3
NODE_348_length_496_cov_0.943089	sp|B2JG18|RS6_PARP8	85.0	40	6	0	302	183	18	57	4.8e-13	75.9
NODE_348_length_496_cov_0.943089	sp|B1YRJ4|RS6_BURA4	85.0	40	6	0	302	183	18	57	8.3e-13	75.1
NODE_348_length_496_cov_0.943089	sp|Q1BH36|RS6_BURCA	85.0	40	6	0	302	183	18	57	8.3e-13	75.1
NODE_348_length_496_cov_0.943089	sp|A0K7Z8|RS6_BURCH	85.0	40	6	0	302	183	18	57	8.3e-13	75.1
NODE_348_length_496_cov_0.943089	sp|Q0BEQ6|RS6_BURCM	85.0	40	6	0	302	183	18	57	8.3e-13	75.1
NODE_348_length_496_cov_0.943089	sp|A4JEV1|RS6_BURVG	85.0	40	6	0	302	183	18	57	8.3e-13	75.1
NODE_348_length_496_cov_0.943089	sp|B2UAG4|RS6_RALPJ	80.0	40	8	0	302	183	18	57	5.4e-12	72.4
NODE_348_length_496_cov_0.943089	sp|Q8XZT8|RS6_RALSO	80.0	40	8	0	302	183	18	57	5.4e-12	72.4
NODE_357_length_494_cov_0.948229	sp|O00370|LORF2_HUMAN	80.9	47	9	0	315	175	1095	1141	4.4e-14	79.3
NODE_358_length_494_cov_0.929155	sp|Q9HZ71|RS1_PSEAE	62.5	88	33	0	46	309	410	497	5.1e-23	109.0
NODE_365_length_492_cov_0.884932	sp|B1YVB1|CLPS_BURA4	100.0	37	0	0	193	303	62	98	3.3e-14	79.7
NODE_365_length_492_cov_0.884932	sp|Q1BU94|CLPS_BURCA	100.0	37	0	0	193	303	62	98	3.3e-14	79.7
NODE_365_length_492_cov_0.884932	sp|B1JXD0|CLPS_BURCC	100.0	37	0	0	193	303	62	98	3.3e-14	79.7
NODE_365_length_492_cov_0.884932	sp|A0K9U2|CLPS_BURCH	100.0	37	0	0	193	303	62	98	3.3e-14	79.7
NODE_365_length_492_cov_0.884932	sp|B4E904|CLPS_BURCJ	100.0	37	0	0	193	303	62	98	3.3e-14	79.7
NODE_365_length_492_cov_0.884932	sp|Q0BCK0|CLPS_BURCM	100.0	37	0	0	193	303	62	98	3.3e-14	79.7
NODE_365_length_492_cov_0.884932	sp|Q39DM1|CLPS_BURL3	100.0	37	0	0	193	303	62	98	3.3e-14	79.7
NODE_365_length_492_cov_0.884932	sp|A9AGM9|CLPS_BURM1	100.0	37	0	0	193	303	62	98	3.3e-14	79.7
NODE_365_length_492_cov_0.884932	sp|A3MN51|CLPS_BURM7	100.0	37	0	0	193	303	62	98	3.3e-14	79.7
NODE_365_length_492_cov_0.884932	sp|A2S519|CLPS_BURM9	100.0	37	0	0	193	303	62	98	3.3e-14	79.7
NODE_365_length_492_cov_0.884932	sp|Q62HH7|CLPS_BURMA	100.0	37	0	0	193	303	62	98	3.3e-14	79.7
NODE_365_length_492_cov_0.884932	sp|A1V120|CLPS_BURMS	100.0	37	0	0	193	303	62	98	3.3e-14	79.7
NODE_365_length_492_cov_0.884932	sp|A3NSC3|CLPS_BURP0	100.0	37	0	0	193	303	62	98	3.3e-14	79.7
NODE_365_length_492_cov_0.884932	sp|Q3JV77|CLPS_BURP1	100.0	37	0	0	193	303	62	98	3.3e-14	79.7
NODE_365_length_492_cov_0.884932	sp|A3N6N9|CLPS_BURP6	100.0	37	0	0	193	303	62	98	3.3e-14	79.7
NODE_365_length_492_cov_0.884932	sp|Q63WJ1|CLPS_BURPS	100.0	37	0	0	193	303	62	98	3.3e-14	79.7
NODE_365_length_492_cov_0.884932	sp|Q2T0I1|CLPS_BURTA	100.0	37	0	0	193	303	62	98	3.3e-14	79.7
NODE_365_length_492_cov_0.884932	sp|A4JH39|CLPS_BURVG	100.0	37	0	0	193	303	62	98	3.3e-14	79.7
NODE_365_length_492_cov_0.884932	sp|B2JDY3|CLPS_PARP8	100.0	37	0	0	193	303	62	98	3.3e-14	79.7
NODE_365_length_492_cov_0.884932	sp|B2T6J4|CLPS_PARPJ	100.0	37	0	0	193	303	62	98	3.3e-14	79.7
NODE_365_length_492_cov_0.884932	sp|Q13UV5|CLPS_PARXL	100.0	37	0	0	193	303	62	98	3.3e-14	79.7
NODE_387_length_481_cov_0.983051	sp|P0A353|CSPA_BORBR	71.4	35	10	0	285	181	1	35	2.0e-08	60.5
NODE_387_length_481_cov_0.983051	sp|P0A354|CSPA_BORPA	71.4	35	10	0	285	181	1	35	2.0e-08	60.5
NODE_387_length_481_cov_0.983051	sp|P0A352|CSPA_BORPE	71.4	35	10	0	285	181	1	35	2.0e-08	60.5
NODE_387_length_481_cov_0.983051	sp|Q9S170|CSPG_SHEVD	68.6	35	11	0	288	184	3	37	2.7e-08	60.1
NODE_387_length_481_cov_0.983051	sp|P72366|CSPA_STIAD	76.5	34	8	0	285	184	1	34	3.5e-08	59.7
NODE_387_length_481_cov_0.983051	sp|Q9KL16|CSPV_VIBCH	66.7	33	11	0	279	181	6	38	2.3e-07	57.0
NODE_387_length_481_cov_0.983051	sp|P0A970|CSPD_ECO57	65.7	35	12	0	285	181	1	35	3.0e-07	56.6
NODE_387_length_481_cov_0.983051	sp|P0A969|CSPD_ECOL6	65.7	35	12	0	285	181	1	35	3.0e-07	56.6
NODE_387_length_481_cov_0.983051	sp|P0A968|CSPD_ECOLI	65.7	35	12	0	285	181	1	35	3.0e-07	56.6
NODE_387_length_481_cov_0.983051	sp|P0A971|CSPD_SHIFL	65.7	35	12	0	285	181	1	35	3.0e-07	56.6
NODE_387_length_481_cov_0.983051	sp|Q9KN00|CSPA_VIBCH	68.8	32	10	0	279	184	6	37	3.9e-07	56.2
NODE_387_length_481_cov_0.983051	sp|P0A980|CSPG_ECO57	57.1	42	18	0	288	163	3	44	5.0e-07	55.8
NODE_387_length_481_cov_0.983051	sp|P0A979|CSPG_ECOL6	57.1	42	18	0	288	163	3	44	5.0e-07	55.8
NODE_387_length_481_cov_0.983051	sp|P0A978|CSPG_ECOLI	57.1	42	18	0	288	163	3	44	5.0e-07	55.8
NODE_387_length_481_cov_0.983051	sp|P0A981|CSPG_SHIFL	57.1	42	18	0	288	163	3	44	5.0e-07	55.8
NODE_389_length_480_cov_0.985836	sp|Q51344|DHAS_PSEAE	87.2	39	5	0	179	295	77	115	2.1e-13	77.0
NODE_389_length_480_cov_0.985836	sp|P96198|DHAS_AZOVI	87.2	39	5	0	179	295	76	114	4.7e-13	75.9
NODE_389_length_480_cov_0.985836	sp|P0A9R0|DHAS_ECO57	79.5	39	8	0	179	295	77	115	1.0e-12	74.7
NODE_389_length_480_cov_0.985836	sp|Q8FCR6|DHAS_ECOL6	79.5	39	8	0	179	295	77	115	1.0e-12	74.7
NODE_389_length_480_cov_0.985836	sp|P0A9Q9|DHAS_ECOLI	79.5	39	8	0	179	295	77	115	1.0e-12	74.7
NODE_389_length_480_cov_0.985836	sp|P0A9R1|DHAS_SHIFL	79.5	39	8	0	179	295	77	115	1.0e-12	74.7
NODE_389_length_480_cov_0.985836	sp|P0A1F9|DHAS_SALTI	54.3	70	21	2	119	295	47	116	1.4e-12	74.3
NODE_389_length_480_cov_0.985836	sp|P0A1F8|DHAS_SALTY	54.3	70	21	2	119	295	47	116	1.4e-12	74.3
NODE_389_length_480_cov_0.985836	sp|P44801|DHAS_HAEIN	74.4	39	10	0	179	295	78	116	1.8e-12	73.9
NODE_389_length_480_cov_0.985836	sp|Q44151|DHAS_ACTPL	74.4	39	10	0	179	295	78	116	6.8e-12	72.0
NODE_389_length_480_cov_0.985836	sp|P30903|DHAS_NEIMB	79.5	39	8	0	179	295	77	115	1.2e-11	71.2
NODE_389_length_480_cov_0.985836	sp|P41399|DHAS_BORPE	76.9	39	9	0	179	295	78	116	1.5e-11	70.9
NODE_389_length_480_cov_0.985836	sp|P57008|DHAS_NEIMA	76.9	39	9	0	179	295	77	115	1.5e-11	70.9
NODE_393_length_479_cov_0.974432	sp|P0DQM5|CAP_BURTA	93.3	30	2	0	267	178	1	30	2.2e-07	57.0
NODE_402_length_475_cov_1.000000	sp|Q81ZS7|SYQ_NITEU	72.0	50	13	1	296	150	2	51	7.2e-14	78.6
NODE_417_length_467_cov_6.770588	sp|P0C2J7|YH41B_YEAST	26.0	104	75	2	447	142	628	731	8.6e-04	45.1
NODE_417_length_467_cov_6.770588	sp|P47024|YJ41B_YEAST	26.0	104	75	2	447	142	629	732	8.6e-04	45.1
NODE_417_length_467_cov_6.770588	sp|A0A0B7P3V8|YP41B_YEAST	26.0	104	75	2	447	142	628	731	8.6e-04	45.1
NODE_418_length_467_cov_0.991176	sp|A4WBR1|OTSA_ENT38	63.0	46	17	0	163	300	127	172	5.9e-13	75.5
NODE_418_length_467_cov_0.991176	sp|A9MMQ2|OTSA_SALAR	67.4	46	15	0	163	300	126	171	1.7e-12	73.9
NODE_418_length_467_cov_0.991176	sp|Q57N70|OTSA_SALCH	67.4	46	15	0	163	300	126	171	1.7e-12	73.9
NODE_418_length_467_cov_0.991176	sp|Q5PMW8|OTSA_SALPA	67.4	46	15	0	163	300	126	171	1.7e-12	73.9
NODE_418_length_467_cov_0.991176	sp|A9MU86|OTSA_SALPB	67.4	46	15	0	163	300	126	171	1.7e-12	73.9
NODE_418_length_467_cov_0.991176	sp|P0A1Q1|OTSA_SALTI	67.4	46	15	0	163	300	126	171	1.7e-12	73.9
NODE_418_length_467_cov_0.991176	sp|E1WGG8|OTSA_SALTS	67.4	46	15	0	163	300	126	171	1.7e-12	73.9
NODE_418_length_467_cov_0.991176	sp|P0CL06|OTSA_SALTY	67.4	46	15	0	163	300	126	171	1.7e-12	73.9
NODE_418_length_467_cov_0.991176	sp|A6TB47|OTSA_KLEP7	63.0	46	17	0	163	300	127	172	3.0e-12	73.2
NODE_418_length_467_cov_0.991176	sp|A8AFD4|OTSA_CITK8	68.2	44	14	0	163	294	126	169	3.9e-12	72.8
NODE_418_length_467_cov_0.991176	sp|Q2NTK9|OTSA_SODGM	60.9	46	18	0	163	300	127	172	3.9e-12	72.8
NODE_422_length_465_cov_0.798817	sp|P16425|Y2R2_DROME	27.3	66	48	0	462	265	735	800	6.0e-05	48.9
NODE_422_length_465_cov_0.798817	sp|Q9NBX4|RTXE_DROME	28.9	142	92	3	462	47	746	881	1.7e-04	47.4
NODE_422_length_465_cov_0.798817	sp|Q03271|PO13_NASVI	28.0	82	55	1	465	220	81	158	5.0e-04	45.8
NODE_427_length_462_cov_1.038806	sp|F9WWD1|GT2_ZYMTI	66.7	36	12	0	298	191	249	284	1.6e-05	50.8
NODE_427_length_462_cov_1.038806	sp|G4MWY1|GT2_MAGO7	55.6	36	16	0	295	188	279	314	2.0e-05	50.4
NODE_427_length_462_cov_1.038806	sp|I1RB03|GT2_GIBZE	52.8	36	17	0	295	188	283	318	3.5e-05	49.7
NODE_449_length_453_cov_1.067485	sp|P12625|PHB_RALPI	68.1	47	15	0	155	295	332	378	2.1e-10	67.0
NODE_452_length_451_cov_1.074074	sp|A3MK98|RL31B_BURM7	95.7	47	2	0	286	146	1	47	9.2e-19	94.7
NODE_452_length_451_cov_1.074074	sp|A2S278|RL31B_BURM9	95.7	47	2	0	286	146	1	47	9.2e-19	94.7
NODE_452_length_451_cov_1.074074	sp|Q62JU1|RL31B_BURMA	95.7	47	2	0	286	146	1	47	9.2e-19	94.7
NODE_452_length_451_cov_1.074074	sp|A1V4M5|RL31B_BURMS	95.7	47	2	0	286	146	1	47	9.2e-19	94.7
NODE_452_length_451_cov_1.074074	sp|A3NVZ5|RL31B_BURP0	95.7	47	2	0	286	146	1	47	9.2e-19	94.7
NODE_452_length_451_cov_1.074074	sp|Q3JRM8|RL31B_BURP1	95.7	47	2	0	286	146	1	47	9.2e-19	94.7
NODE_452_length_451_cov_1.074074	sp|A3NA78|RL31B_BURP6	95.7	47	2	0	286	146	1	47	9.2e-19	94.7
NODE_452_length_451_cov_1.074074	sp|Q63UV5|RL31B_BURPS	95.7	47	2	0	286	146	1	47	9.2e-19	94.7
NODE_452_length_451_cov_1.074074	sp|Q2SWG5|RL31B_BURTA	91.5	47	4	0	286	146	1	47	1.0e-17	91.3
NODE_452_length_451_cov_1.074074	sp|A9AG80|RL31B_BURM1	91.5	47	4	0	286	146	1	47	2.3e-17	90.1
NODE_452_length_451_cov_1.074074	sp|Q1BGZ5|RL31B_BURCA	91.5	47	4	0	286	146	1	47	2.9e-17	89.7
NODE_452_length_451_cov_1.074074	sp|B1JTB3|RL31B_BURCC	91.5	47	4	0	286	146	1	47	2.9e-17	89.7
NODE_452_length_451_cov_1.074074	sp|A0K7V7|RL31B_BURCH	91.5	47	4	0	286	146	1	47	2.9e-17	89.7
NODE_452_length_451_cov_1.074074	sp|A4JER1|RL31B_BURVG	89.4	47	5	0	286	146	1	47	6.6e-17	88.6
NODE_452_length_451_cov_1.074074	sp|B4EAZ1|RL31B_BURCJ	87.2	47	6	0	286	146	1	47	1.9e-16	87.0
NODE_452_length_451_cov_1.074074	sp|B1YRF5|RL31B_BURA4	85.1	47	7	0	286	146	1	47	3.3e-16	86.3
NODE_452_length_451_cov_1.074074	sp|Q0BEU6|RL31B_BURCM	85.1	47	7	0	286	146	1	47	3.3e-16	86.3
NODE_452_length_451_cov_1.074074	sp|Q39FN8|RL31B_BURL3	85.1	47	7	0	286	146	1	47	3.3e-16	86.3
NODE_459_length_447_cov_1.087500	sp|B2JI57|RS17_PARP8	82.1	67	11	1	146	346	7	72	1.4e-22	107.5
NODE_459_length_447_cov_1.087500	sp|A3MRW3|RS17_BURM7	98.1	52	1	0	146	301	7	58	1.8e-22	107.1
NODE_459_length_447_cov_1.087500	sp|A2S7I5|RS17_BURM9	98.1	52	1	0	146	301	7	58	1.8e-22	107.1
NODE_459_length_447_cov_1.087500	sp|Q62GL4|RS17_BURMA	98.1	52	1	0	146	301	7	58	1.8e-22	107.1
NODE_459_length_447_cov_1.087500	sp|A1V894|RS17_BURMS	98.1	52	1	0	146	301	7	58	1.8e-22	107.1
NODE_459_length_447_cov_1.087500	sp|A3P0A4|RS17_BURP0	98.1	52	1	0	146	301	7	58	1.8e-22	107.1
NODE_459_length_447_cov_1.087500	sp|Q3JMS2|RS17_BURP1	98.1	52	1	0	146	301	7	58	1.8e-22	107.1
NODE_459_length_447_cov_1.087500	sp|A3NEH0|RS17_BURP6	98.1	52	1	0	146	301	7	58	1.8e-22	107.1
NODE_459_length_447_cov_1.087500	sp|Q63Q20|RS17_BURPS	98.1	52	1	0	146	301	7	58	1.8e-22	107.1
NODE_459_length_447_cov_1.087500	sp|Q2SU36|RS17_BURTA	98.1	52	1	0	146	301	7	58	1.8e-22	107.1
NODE_459_length_447_cov_1.087500	sp|B2T742|RS17_PARPJ	96.2	52	2	0	146	301	7	58	3.9e-22	105.9
NODE_459_length_447_cov_1.087500	sp|Q13TH9|RS17_PARXL	96.2	52	2	0	146	301	7	58	3.9e-22	105.9
NODE_459_length_447_cov_1.087500	sp|Q1BRV7|RS17_BURCA	94.2	52	3	0	146	301	7	58	5.2e-22	105.5
NODE_459_length_447_cov_1.087500	sp|B1JU31|RS17_BURCC	94.2	52	3	0	146	301	7	58	5.2e-22	105.5
NODE_459_length_447_cov_1.087500	sp|A0K3N4|RS17_BURCH	94.2	52	3	0	146	301	7	58	5.2e-22	105.5
NODE_459_length_447_cov_1.087500	sp|B4E5C9|RS17_BURCJ	94.2	52	3	0	146	301	7	58	5.2e-22	105.5
NODE_459_length_447_cov_1.087500	sp|Q39KF8|RS17_BURL3	94.2	52	3	0	146	301	7	58	5.2e-22	105.5
NODE_459_length_447_cov_1.087500	sp|A9ADK2|RS17_BURM1	94.2	52	3	0	146	301	7	58	5.2e-22	105.5
NODE_459_length_447_cov_1.087500	sp|B1YRN8|RS17_BURA4	94.1	51	3	0	146	298	7	57	3.3e-21	102.8
NODE_459_length_447_cov_1.087500	sp|Q0BJ37|RS17_BURCM	94.1	51	3	0	146	298	7	57	3.3e-21	102.8
NODE_459_length_447_cov_1.087500	sp|A4JAP9|RS17_BURVG	94.1	51	3	0	146	298	7	57	3.3e-21	102.8
NODE_459_length_447_cov_1.087500	sp|B2UEL0|RS17_RALPJ	67.9	78	19	2	146	361	6	83	1.3e-20	100.9
NODE_459_length_447_cov_1.087500	sp|Q8XV21|RS17_RALSO	74.6	63	16	0	146	334	6	68	1.7e-20	100.5
NODE_460_length_446_cov_0.877743	sp|Q39GX4|BPT_BURL3	74.6	71	16	1	297	85	1	69	6.7e-22	105.1
NODE_460_length_446_cov_0.877743	sp|A3MJ99|BPT_BURM7	74.6	71	16	1	297	85	1	69	6.7e-22	105.1
NODE_460_length_446_cov_0.877743	sp|A2S373|BPT_BURM9	74.6	71	16	1	297	85	1	69	6.7e-22	105.1
NODE_460_length_446_cov_0.877743	sp|Q62K46|BPT_BURMA	74.6	71	16	1	297	85	1	69	6.7e-22	105.1
NODE_460_length_446_cov_0.877743	sp|A1V4A4|BPT_BURMS	74.6	71	16	1	297	85	1	69	6.7e-22	105.1
NODE_460_length_446_cov_0.877743	sp|A3NUS2|BPT_BURP0	74.6	71	16	1	297	85	1	69	6.7e-22	105.1
NODE_460_length_446_cov_0.877743	sp|Q3JSS7|BPT_BURP1	74.6	71	16	1	297	85	1	69	6.7e-22	105.1
NODE_460_length_446_cov_0.877743	sp|A3N926|BPT_BURP6	74.6	71	16	1	297	85	1	69	6.7e-22	105.1
NODE_460_length_446_cov_0.877743	sp|Q63TV2|BPT_BURPS	74.6	71	16	1	297	85	1	69	6.7e-22	105.1
NODE_460_length_446_cov_0.877743	sp|B1YPI7|BPT_BURA4	73.2	71	17	1	297	85	1	69	8.7e-22	104.8
NODE_460_length_446_cov_0.877743	sp|Q1BWM3|BPT_BURCA	73.2	71	17	1	297	85	1	69	8.7e-22	104.8
NODE_460_length_446_cov_0.877743	sp|B1K0S5|BPT_BURCC	73.2	71	17	1	297	85	1	69	8.7e-22	104.8
NODE_460_length_446_cov_0.877743	sp|A0K730|BPT_BURCH	73.2	71	17	1	297	85	1	69	8.7e-22	104.8
NODE_460_length_446_cov_0.877743	sp|B4E8N5|BPT_BURCJ	73.2	71	17	1	297	85	1	69	8.7e-22	104.8
NODE_460_length_446_cov_0.877743	sp|Q0BFQ9|BPT_BURCM	73.2	71	17	1	297	85	1	69	8.7e-22	104.8
NODE_460_length_446_cov_0.877743	sp|A9AJX3|BPT_BURM1	73.2	71	17	1	297	85	1	69	8.7e-22	104.8
NODE_460_length_446_cov_0.877743	sp|Q2SVM0|BPT_BURTA	73.2	71	17	1	297	85	1	69	8.7e-22	104.8
NODE_460_length_446_cov_0.877743	sp|A4JE23|BPT_BURVG	73.2	71	17	1	297	85	1	69	8.7e-22	104.8
NODE_460_length_446_cov_0.877743	sp|B2T3H8|BPT_PARPJ	92.0	50	4	0	297	148	1	50	7.4e-21	101.7
NODE_460_length_446_cov_0.877743	sp|Q13ZM2|BPT_PARXL	92.0	50	4	0	297	148	1	50	7.4e-21	101.7
NODE_460_length_446_cov_0.877743	sp|B2JKL8|BPT_PARP8	92.0	50	4	0	297	148	1	50	1.6e-20	100.5
NODE_464_length_444_cov_0.880126	sp|P0ACY5|YEAG_ECO57	43.8	48	27	0	160	303	1	48	7.4e-05	48.5
NODE_464_length_444_cov_0.880126	sp|P0ACY4|YEAG_ECOL6	43.8	48	27	0	160	303	1	48	7.4e-05	48.5
NODE_464_length_444_cov_0.880126	sp|P0ACY3|YEAG_ECOLI	43.8	48	27	0	160	303	1	48	7.4e-05	48.5
NODE_468_length_441_cov_1.207006	sp|B1YR39|HFQ_BURA4	96.3	54	2	0	297	136	1	54	3.9e-22	105.9
NODE_468_length_441_cov_1.207006	sp|Q1BGW9|HFQ_BURCA	96.3	54	2	0	297	136	1	54	3.9e-22	105.9
NODE_468_length_441_cov_1.207006	sp|B1JT87|HFQ_BURCC	96.3	54	2	0	297	136	1	54	3.9e-22	105.9
NODE_468_length_441_cov_1.207006	sp|A0K7T1|HFQ_BURCH	96.3	54	2	0	297	136	1	54	3.9e-22	105.9
NODE_468_length_441_cov_1.207006	sp|B4EAW4|HFQ_BURCJ	96.3	54	2	0	297	136	1	54	3.9e-22	105.9
NODE_468_length_441_cov_1.207006	sp|Q0BEX2|HFQ_BURCM	96.3	54	2	0	297	136	1	54	3.9e-22	105.9
NODE_468_length_441_cov_1.207006	sp|Q39FR4|HFQ_BURL3	96.3	54	2	0	297	136	1	54	3.9e-22	105.9
NODE_468_length_441_cov_1.207006	sp|A9AH01|HFQ_BURM1	96.3	54	2	0	297	136	1	54	3.9e-22	105.9
NODE_468_length_441_cov_1.207006	sp|A3MK69|HFQ_BURM7	96.3	54	2	0	297	136	1	54	3.9e-22	105.9
NODE_468_length_441_cov_1.207006	sp|A2S2A7|HFQ_BURM9	96.3	54	2	0	297	136	1	54	3.9e-22	105.9
NODE_468_length_441_cov_1.207006	sp|Q62JW9|HFQ_BURMA	96.3	54	2	0	297	136	1	54	3.9e-22	105.9
NODE_468_length_441_cov_1.207006	sp|A1V4J5|HFQ_BURMS	96.3	54	2	0	297	136	1	54	3.9e-22	105.9
NODE_468_length_441_cov_1.207006	sp|A3NVW5|HFQ_BURP0	96.3	54	2	0	297	136	1	54	3.9e-22	105.9
NODE_468_length_441_cov_1.207006	sp|A3NA48|HFQ_BURP6	96.3	54	2	0	297	136	1	54	3.9e-22	105.9
NODE_468_length_441_cov_1.207006	sp|Q63US8|HFQ_BURPS	96.3	54	2	0	297	136	1	54	3.9e-22	105.9
NODE_468_length_441_cov_1.207006	sp|Q2SWD9|HFQ_BURTA	96.3	54	2	0	297	136	1	54	3.9e-22	105.9
NODE_468_length_441_cov_1.207006	sp|A4JEN5|HFQ_BURVG	96.3	54	2	0	297	136	1	54	3.9e-22	105.9
NODE_468_length_441_cov_1.207006	sp|Q1LLJ6|HFQ_CUPMC	96.3	54	2	0	297	136	1	54	3.9e-22	105.9
NODE_468_length_441_cov_1.207006	sp|Q46ZI8|HFQ_CUPPJ	96.3	54	2	0	297	136	1	54	3.9e-22	105.9
NODE_468_length_441_cov_1.207006	sp|B3R1J7|HFQ_CUPTR	96.3	54	2	0	297	136	1	54	3.9e-22	105.9
NODE_468_length_441_cov_1.207006	sp|B2JIU6|HFQ_PARP8	96.3	54	2	0	297	136	1	54	3.9e-22	105.9
NODE_468_length_441_cov_1.207006	sp|B2SXS5|HFQ_PARPJ	96.3	54	2	0	297	136	1	54	3.9e-22	105.9
NODE_468_length_441_cov_1.207006	sp|Q13X33|HFQ_PARXL	96.3	54	2	0	297	136	1	54	3.9e-22	105.9
NODE_468_length_441_cov_1.207006	sp|B2U9V4|HFQ_RALPJ	96.3	54	2	0	297	136	1	54	3.9e-22	105.9
NODE_468_length_441_cov_1.207006	sp|Q8Y025|HFQ_RALSO	96.3	54	2	0	297	136	1	54	3.9e-22	105.9
NODE_468_length_441_cov_1.207006	sp|Q0K967|HFQ_CUPNH	94.4	54	3	0	297	136	1	54	2.5e-21	103.2
NODE_468_length_441_cov_1.207006	sp|A4G4K7|HFQ_HERAR	92.6	54	4	0	297	136	1	54	3.3e-21	102.8
NODE_468_length_441_cov_1.207006	sp|A6SZW5|HFQ_JANMA	92.6	54	4	0	297	136	1	54	3.3e-21	102.8
NODE_468_length_441_cov_1.207006	sp|A1TM32|HFQ_ACIAC	92.6	54	4	0	297	136	1	54	4.3e-21	102.4
NODE_468_length_441_cov_1.207006	sp|B9MFY1|HFQ_ACIET	92.6	54	4	0	297	136	1	54	4.3e-21	102.4
NODE_468_length_441_cov_1.207006	sp|A1W582|HFQ_ACISJ	92.6	54	4	0	297	136	1	54	4.3e-21	102.4
NODE_468_length_441_cov_1.207006	sp|A9BMU8|HFQ_DELAS	92.6	54	4	0	297	136	1	54	4.3e-21	102.4
NODE_468_length_441_cov_1.207006	sp|Q21W33|HFQ_RHOFT	92.6	54	4	0	297	136	1	54	4.3e-21	102.4
NODE_468_length_441_cov_1.207006	sp|B1XXK8|HFQ_LEPCP	92.6	54	4	0	297	136	1	54	5.6e-21	102.1
NODE_468_length_441_cov_1.207006	sp|Q47BS1|HFQ_DECAR	88.9	54	6	0	297	136	1	54	1.3e-20	100.9
NODE_468_length_441_cov_1.207006	sp|C5CXH1|HFQ_VARPS	90.7	54	5	0	297	136	1	54	1.3e-20	100.9
NODE_468_length_441_cov_1.207006	sp|Q2KYA0|HFQ_BORA1	90.7	54	5	0	297	136	1	54	2.1e-20	100.1
NODE_468_length_441_cov_1.207006	sp|Q7WHN6|HFQ_BORBR	90.7	54	5	0	297	136	1	54	2.1e-20	100.1
NODE_468_length_441_cov_1.207006	sp|Q7W6Q2|HFQ_BORPA	90.7	54	5	0	297	136	1	54	2.1e-20	100.1
NODE_468_length_441_cov_1.207006	sp|A9IK70|HFQ_BORPD	90.7	54	5	0	297	136	1	54	2.1e-20	100.1
NODE_468_length_441_cov_1.207006	sp|Q7VWL6|HFQ_BORPE	90.7	54	5	0	297	136	1	54	2.1e-20	100.1
NODE_468_length_441_cov_1.207006	sp|A1K3Z4|HFQ_AZOSB	88.9	54	6	0	297	136	1	54	2.8e-20	99.8
NODE_468_length_441_cov_1.207006	sp|A1WE11|HFQ_VEREI	88.9	54	6	0	297	136	1	54	3.6e-20	99.4
NODE_468_length_441_cov_1.207006	sp|Q5P7B8|HFQ_AROAE	87.0	54	7	0	297	136	1	54	6.2e-20	98.6
NODE_468_length_441_cov_1.207006	sp|Q12AC3|HFQ_POLSJ	88.7	53	6	0	294	136	3	55	1.1e-19	97.8
NODE_468_length_441_cov_1.207006	sp|Q7NS93|HFQ_CHRVO	85.2	54	8	0	297	136	1	54	1.4e-19	97.4
NODE_468_length_441_cov_1.207006	sp|C1DD48|HFQ_LARHH	87.0	54	7	0	297	136	1	54	2.4e-19	96.7
NODE_468_length_441_cov_1.207006	sp|Q2YBW6|HFQ_NITMU	85.2	54	8	0	297	136	1	54	2.4e-19	96.7
NODE_471_length_440_cov_1.111821	sp|Q88EI9|AK_PSEPK	61.8	55	12	1	300	136	200	245	1.2e-07	57.8
NODE_471_length_440_cov_1.111821	sp|O69077|AK_PSEAE	56.9	58	16	1	300	127	200	248	1.6e-07	57.4
NODE_471_length_440_cov_1.111821	sp|C3JXY0|AK_PSEFS	60.0	55	13	1	300	136	202	247	2.7e-07	56.6
NODE_471_length_440_cov_1.111821	sp|A4VJB4|AKLYS_PSEU5	60.0	55	13	1	300	136	200	245	3.5e-07	56.2
NODE_471_length_440_cov_1.111821	sp|O67221|AK_AQUAE	45.6	68	33	1	312	121	195	262	1.7e-06	53.9
NODE_492_length_429_cov_1.033113	sp|Q59098|ODP2_CUPNH	72.1	61	17	0	303	121	123	183	2.2e-17	90.1
NODE_518_length_312_cov_31.113514	sp|Q2JW78|DNAJ_SYNJA	60.0	40	16	0	192	311	2	41	2.0e-04	46.6
NODE_518_length_312_cov_31.113514	sp|Q2JH49|DNAJ_SYNJB	60.0	40	16	0	192	311	2	41	2.0e-04	46.6
NODE_518_length_312_cov_31.113514	sp|P97554|DNJB9_RAT	51.2	43	21	0	183	311	21	63	2.0e-04	46.6
NODE_518_length_312_cov_31.113514	sp|Q8DKR7|DNAJ_THEEB	55.0	40	18	0	192	311	2	41	3.4e-04	45.8
NODE_518_length_312_cov_31.113514	sp|B0CAZ0|DNAJ_ACAM1	50.0	40	20	0	192	311	2	41	5.8e-04	45.1
NODE_518_length_312_cov_31.113514	sp|Q8YUA5|DNAJ_NOSS1	55.0	40	18	0	192	311	2	41	7.5e-04	44.7
NODE_518_length_312_cov_31.113514	sp|Q114R3|DNAJ_TRIEI	55.3	38	17	0	192	305	2	39	7.5e-04	44.7
NODE_518_length_312_cov_31.113514	sp|Q3MG81|DNAJ_TRIV2	55.0	40	18	0	192	311	2	41	7.5e-04	44.7
NODE_518_length_312_cov_31.113514	sp|G3H0N9|DNJB9_CRIGR	48.8	43	22	0	183	311	21	63	7.5e-04	44.7
NODE_518_length_312_cov_31.113514	sp|Q9UBS3|DNJB9_HUMAN	48.8	43	22	0	183	311	21	63	7.5e-04	44.7
NODE_518_length_312_cov_31.113514	sp|Q9QYI6|DNJB9_MOUSE	48.8	43	22	0	183	311	21	63	7.5e-04	44.7
NODE_518_length_312_cov_31.113514	sp|Q5R9A4|DNJB9_PONAB	48.8	43	22	0	183	311	21	63	7.5e-04	44.7
NODE_529_length_280_cov_18.071895	sp|Q5BEK1|AFOA_EMENI	58.1	31	13	0	93	185	15	45	3.6e-05	48.9
NODE_529_length_280_cov_18.071895	sp|Q05958|ECM22_YEAST	48.6	35	18	0	96	200	44	78	6.1e-05	48.1
NODE_529_length_280_cov_18.071895	sp|Q0CF68|AZPB6_ASPTN	60.0	30	12	0	93	182	16	45	8.0e-05	47.8
NODE_529_length_280_cov_18.071895	sp|A0A3G1DJJ7|MFL3_PHOSM	54.8	31	14	0	93	185	762	792	2.3e-04	46.2
NODE_529_length_280_cov_18.071895	sp|Q12151|UPC2_YEAST	48.5	33	17	0	96	194	51	83	5.2e-04	45.1
NODE_544_length_255_cov_34.414062	sp|Q95J56|DJC14_BOVIN	70.4	27	8	0	21	101	460	486	2.1e-04	46.2
NODE_544_length_255_cov_34.414062	sp|Q6Y2X3|DJC14_HUMAN	70.4	27	8	0	21	101	459	485	2.1e-04	46.2
NODE_544_length_255_cov_34.414062	sp|Q921R4|DJC14_MOUSE	70.4	27	8	0	21	101	460	486	2.1e-04	46.2
NODE_544_length_255_cov_34.414062	sp|Q5XIX0|DJC14_RAT	70.4	27	8	0	21	101	460	486	2.1e-04	46.2
NODE_571_length_255_cov_24.101562	sp|Q95SX7|RTBS_DROME	35.7	84	53	1	252	1	490	572	7.8e-07	54.3
NODE_571_length_255_cov_24.101562	sp|Q9NBX4|RTXE_DROME	34.5	84	54	1	252	1	489	571	3.9e-06	52.0
NODE_582_length_255_cov_19.257812	sp|A7XRZ1|TDIE_EMENI	34.7	72	47	0	40	255	231	302	3.0e-06	52.4
NODE_582_length_255_cov_19.257812	sp|P9WEZ3|PYTC_ASPTE	32.4	71	48	0	37	249	248	318	3.9e-06	52.0
NODE_582_length_255_cov_19.257812	sp|Q0CZH2|PYTC_ASPTN	32.4	71	48	0	37	249	248	318	3.9e-06	52.0
