NODE_1_length_16509_cov_16.121047	sp|G4MWY1|GT2_MAGO7	39.9	439	220	9	12509	13817	41	438	2.9e-77	294.3
NODE_1_length_16509_cov_16.121047	sp|F9WWD1|GT2_ZYMTI	39.7	431	212	10	12509	13793	16	401	8.7e-74	282.7
NODE_1_length_16509_cov_16.121047	sp|Q02592|HMT1_SCHPO	28.1	591	384	12	13997	15713	249	817	1.4e-55	222.2
NODE_1_length_16509_cov_16.121047	sp|Q8T9W2|ABCB5_DICDI	31.5	489	303	12	14319	15713	213	693	1.6e-51	208.8
NODE_1_length_16509_cov_16.121047	sp|Q4PH16|ATM1_USTMA	29.8	484	323	8	14319	15719	250	733	2.3e-50	204.9
NODE_1_length_16509_cov_16.121047	sp|Q2UPC0|ACLQ_ASPOR	29.1	561	358	12	14142	15725	236	789	3.3e-49	201.1
NODE_1_length_16509_cov_16.121047	sp|B0YDH7|MTFA_ASPFC	39.3	318	126	8	10953	11813	52	333	1.4e-47	195.7
NODE_4_length_9670_cov_15.790318	sp|P22216|RAD53_YEAST	26.2	451	257	14	1627	365	66	470	7.0e-23	112.8
NODE_4_length_9670_cov_15.790318	sp|P11799|MYLK_CHICK	29.6	294	159	10	1180	353	1453	1716	9.4e-20	102.4
NODE_5_length_7784_cov_14.754342	sp|Q6B9X6|VWKA_DICDI	34.7	95	59	3	6969	7247	499	592	1.5e-07	61.6
NODE_5_length_7784_cov_14.754342	sp|Q54DK4|AK1_DICDI	33.7	190	110	8	6691	7250	1011	1187	3.3e-07	60.5
NODE_5_length_7784_cov_14.754342	sp|P42527|MHCKA_DICDI	32.0	175	102	8	6744	7247	636	800	3.7e-06	57.0
NODE_6_length_7752_cov_13.463869	sp|P04146|COPIA_DROME	27.6	1154	714	29	4384	7654	224	1320	1.2e-105	387.5
NODE_6_length_7752_cov_13.463869	sp|P10978|POLX_TOBAC	44.6	442	228	4	6377	7660	810	1248	1.3e-96	357.5
NODE_6_length_7752_cov_13.463869	sp|Q94HW2|POLR1_ARATH	28.4	1096	718	30	4469	7654	318	1380	3.2e-95	352.8
NODE_7_length_7685_cov_15.833554	sp|Q00808|HETE1_PODAS	24.3	346	227	13	3357	4331	294	625	1.7e-11	74.7
NODE_7_length_7685_cov_15.833554	sp|Q5SNQ7|SRAC1_DANRE	28.8	184	69	7	2111	2599	398	540	1.6e-06	58.2
NODE_7_length_7685_cov_15.833554	sp|Q9LEW8|FN3KR_ARATH	23.8	147	102	6	506	66	121	257	1.8e-05	54.7
NODE_7_length_7685_cov_15.833554	sp|A2XBT1|FN3KR_ORYSI	24.7	190	129	7	632	66	97	273	1.8e-05	54.7
NODE_7_length_7685_cov_15.833554	sp|Q9HA64|KT3K_HUMAN	25.1	211	120	8	626	66	47	243	2.3e-05	54.3
NODE_7_length_7685_cov_15.833554	sp|Q10SM2|FN3KR_ORYSJ	24.7	190	129	7	632	66	97	273	3.1e-05	53.9
NODE_7_length_7685_cov_15.833554	sp|Q8K274|KT3K_MOUSE	24.6	211	121	7	626	66	47	243	4.0e-05	53.5
NODE_7_length_7685_cov_15.833554	sp|Q9ER35|FN3K_MOUSE	23.4	209	122	7	620	66	49	243	1.5e-04	51.6
NODE_7_length_7685_cov_15.833554	sp|Q9H479|FN3K_HUMAN	24.4	209	120	7	620	66	49	243	4.4e-04	50.1
NODE_9_length_7142_cov_14.623521	sp|A1E2I4|MX1_MACMU	25.1	263	159	7	2307	2994	56	314	1.7e-05	54.7
NODE_9_length_7142_cov_14.623521	sp|P20591|MX1_HUMAN	25.5	263	158	6	2307	2994	56	314	2.8e-05	53.9
NODE_9_length_7142_cov_14.623521	sp|Q5R5G3|MX1_PONAB	25.5	263	158	6	2307	2994	56	314	4.9e-05	53.1
NODE_9_length_7142_cov_14.623521	sp|P33238|MX_ANAPL	25.9	266	155	7	2307	3012	117	371	6.3e-05	52.8
NODE_9_length_7142_cov_14.623521	sp|A7VK00|MX2_PIG	27.6	268	145	10	2307	2994	101	358	8.3e-05	52.4
NODE_9_length_7142_cov_14.623521	sp|Q6TKS7|MX_CTEID	24.0	267	160	8	2307	2994	29	290	8.3e-05	52.4
NODE_9_length_7142_cov_14.623521	sp|Q28379|MX1_HORSE	30.0	200	107	5	2307	2817	56	252	1.4e-04	51.6
NODE_9_length_7142_cov_14.623521	sp|Q8JH68|MXA_DANRE	26.2	271	158	11	2307	3015	23	286	1.4e-04	51.6
NODE_9_length_7142_cov_14.623521	sp|Q800G8|MXB_DANRE	26.6	271	157	11	2307	3015	23	286	1.4e-04	51.6
NODE_9_length_7142_cov_14.623521	sp|P79135|MX1_BOVIN	25.7	245	148	6	2307	2952	45	285	1.8e-04	51.2
NODE_9_length_7142_cov_14.623521	sp|Q6PW23|MX_EPICO	25.9	228	135	5	2307	2901	19	242	1.8e-04	51.2
NODE_9_length_7142_cov_14.623521	sp|Q91192|MX1_ONCMY	27.6	228	131	8	2307	2901	20	243	2.4e-04	50.8
NODE_9_length_7142_cov_14.623521	sp|P33237|MX1_SHEEP	24.9	237	144	6	2307	2928	51	283	2.4e-04	50.8
NODE_9_length_7142_cov_14.623521	sp|Q91196|MX2_ONCMY	26.8	228	133	8	2307	2901	20	243	2.4e-04	50.8
NODE_9_length_7142_cov_14.623521	sp|Q9N0Y2|MX2_CANLF	26.6	199	114	5	2307	2817	104	299	4.1e-04	50.1
NODE_9_length_7142_cov_14.623521	sp|Q9WVP9|MX2_MOUSE	29.0	200	109	6	2307	2817	49	245	4.1e-04	50.1
NODE_9_length_7142_cov_14.623521	sp|Q91197|MX3_ONCMY	27.6	228	131	8	2307	2901	20	243	4.1e-04	50.1
NODE_10_length_6980_cov_13.190865	sp|Q9NBX4|RTXE_DROME	25.5	770	532	19	2263	4508	133	881	5.4e-49	199.1
NODE_10_length_6980_cov_13.190865	sp|Q95SX7|RTBS_DROME	26.0	766	525	20	2254	4490	131	874	7.7e-48	195.3
NODE_11_length_6802_cov_16.395805	sp|Q03656|SKY1_YEAST	48.3	60	31	0	220	41	130	189	3.1e-09	67.0
NODE_11_length_6802_cov_16.395805	sp|Q03563|SPK1_CAEEL	44.3	79	43	1	277	41	376	453	3.1e-09	67.0
NODE_11_length_6802_cov_16.395805	sp|Q9UPE1|SRPK3_HUMAN	48.6	74	36	2	220	2	52	124	6.9e-09	65.9
NODE_11_length_6802_cov_16.395805	sp|Q61IS6|SPK1_CAEBR	41.8	79	45	1	277	41	449	526	1.5e-08	64.7
NODE_11_length_6802_cov_16.395805	sp|Q9Z0G2|SRPK3_MOUSE	42.6	94	44	3	256	2	31	123	2.6e-08	63.9
NODE_11_length_6802_cov_16.395805	sp|B8Y466|SRPK3_PIG	47.3	74	37	2	220	2	52	124	4.5e-08	63.2
NODE_11_length_6802_cov_16.395805	sp|P78362|SRPK2_HUMAN	48.3	60	30	1	220	41	54	112	5.8e-08	62.8
NODE_11_length_6802_cov_16.395805	sp|O54781|SRPK2_MOUSE	48.3	60	30	1	220	41	52	110	5.8e-08	62.8
NODE_14_length_4836_cov_13.460607	sp|Q45FA5|SRPK_PHYPO	27.5	397	204	12	4159	3026	31	362	1.2e-28	131.0
NODE_16_length_4299_cov_12.601390	sp|Q04608|YD124_YEAST	42.3	78	35	1	586	819	89	156	3.6e-11	72.8
NODE_16_length_4299_cov_12.601390	sp|P52959|CTF1B_FUSSO	34.1	91	52	2	1233	1484	2	91	1.5e-06	57.4
NODE_17_length_4247_cov_15.687379	sp|Q95SX7|RTBS_DROME	24.2	774	533	15	2822	576	131	875	1.5e-46	190.3
NODE_17_length_4247_cov_15.687379	sp|Q9NBX4|RTXE_DROME	24.2	806	551	20	2825	498	129	904	4.9e-45	185.3
NODE_20_length_3846_cov_14.878731	sp|P40416|ATM1_YEAST	28.0	100	70	1	3512	3811	399	496	3.8e-04	49.3
NODE_20_length_3846_cov_14.878731	sp|Q9ZCM8|Y696_RICPR	36.2	69	42	1	3626	3826	335	403	8.4e-04	48.1
NODE_31_length_1991_cov_12.953863	sp|P20825|POL2_DROME	27.1	380	257	9	860	1963	110	481	1.9e-23	112.5
NODE_31_length_1991_cov_12.953863	sp|P04323|POL3_DROME	27.3	322	218	7	1004	1945	162	475	1.6e-22	109.4
NODE_31_length_1991_cov_12.953863	sp|Q8I7P9|POL5_DROME	26.7	303	211	5	1037	1927	88	385	1.6e-22	109.4
NODE_31_length_1991_cov_12.953863	sp|Q99315|YG31B_YEAST	27.8	270	186	5	1160	1966	602	863	1.3e-21	106.3
NODE_31_length_1991_cov_12.953863	sp|Q7LHG5|YI31B_YEAST	27.8	270	186	5	1160	1966	628	889	1.3e-21	106.3
NODE_32_length_1873_cov_12.073310	sp|Q9Z1B7|MK13_MOUSE	24.8	302	175	10	1239	390	22	290	6.1e-08	60.8
NODE_32_length_1873_cov_12.073310	sp|Q9WTY9|MK13_RAT	23.5	302	179	10	1239	390	22	290	3.0e-07	58.5
NODE_32_length_1873_cov_12.073310	sp|O61267|LOK_DROME	24.7	190	130	6	947	405	251	436	6.7e-07	57.4
NODE_32_length_1873_cov_12.073310	sp|Q54QI2|Y9877_DICDI	24.5	237	141	6	1233	525	12	211	8.8e-07	57.0
NODE_32_length_1873_cov_12.073310	sp|E1BB52|CDK13_BOVIN	24.8	206	127	6	1197	597	717	900	1.2e-06	56.6
NODE_32_length_1873_cov_12.073310	sp|Q14004|CDK13_HUMAN	24.8	206	127	6	1197	597	716	899	1.2e-06	56.6
NODE_32_length_1873_cov_12.073310	sp|Q69ZA1|CDK13_MOUSE	24.8	206	127	6	1197	597	716	899	1.2e-06	56.6
NODE_32_length_1873_cov_12.073310	sp|A8XWC4|DKF1_CAEBR	21.3	258	164	5	1233	468	463	684	1.2e-06	56.6
NODE_32_length_1873_cov_12.073310	sp|Q54PX0|Y4251_DICDI	23.8	315	198	12	1251	326	29	308	1.5e-06	56.2
NODE_32_length_1873_cov_12.073310	sp|D2H526|CDK12_AILME	25.2	206	126	6	1197	597	739	922	2.0e-06	55.8
NODE_32_length_1873_cov_12.073310	sp|E1BB50|CDK12_BOVIN	25.2	206	126	6	1197	597	738	921	2.0e-06	55.8
NODE_32_length_1873_cov_12.073310	sp|Q14AX6|CDK12_MOUSE	25.2	206	126	6	1197	597	734	917	2.0e-06	55.8
NODE_32_length_1873_cov_12.073310	sp|Q3MJK5|CDK12_RAT	25.2	206	126	6	1197	597	734	917	2.0e-06	55.8
NODE_32_length_1873_cov_12.073310	sp|P50613|CDK7_HUMAN	25.8	283	163	9	1200	396	22	272	2.0e-06	55.8
NODE_32_length_1873_cov_12.073310	sp|Q9XUJ7|DKF1_CAEEL	21.9	224	147	4	1233	570	425	623	2.0e-06	55.8
NODE_32_length_1873_cov_12.073310	sp|O61122|SVKA_DICDI	26.1	226	128	9	1230	561	12	201	2.0e-06	55.8
NODE_33_length_1828_cov_8.112287	sp|Q3U213|SRAC1_MOUSE	25.5	184	87	7	1675	1138	490	628	3.0e-07	58.5
NODE_33_length_1828_cov_8.112287	sp|Q96JX3|SRAC1_HUMAN	23.4	184	91	6	1675	1138	490	628	2.5e-06	55.5
NODE_33_length_1828_cov_8.112287	sp|Q2TBM9|SRAC1_BOVIN	24.5	184	89	6	1675	1138	490	628	9.5e-06	53.5
NODE_44_length_1121_cov_12.707243	sp|Q9UR07|TF211_SCHPO	29.3	246	167	5	283	1017	950	1189	1.7e-21	105.1
NODE_44_length_1121_cov_12.707243	sp|P0CT41|TF212_SCHPO	29.3	246	167	5	283	1017	950	1189	1.7e-21	105.1
NODE_44_length_1121_cov_12.707243	sp|P0CT34|TF21_SCHPO	29.3	246	167	5	283	1017	950	1189	1.7e-21	105.1
NODE_44_length_1121_cov_12.707243	sp|P0CT35|TF22_SCHPO	29.3	246	167	5	283	1017	950	1189	1.7e-21	105.1
NODE_44_length_1121_cov_12.707243	sp|P0CT36|TF23_SCHPO	29.3	246	167	5	283	1017	950	1189	1.7e-21	105.1
NODE_44_length_1121_cov_12.707243	sp|P0CT37|TF24_SCHPO	29.3	246	167	5	283	1017	950	1189	1.7e-21	105.1
NODE_44_length_1121_cov_12.707243	sp|P0CT38|TF25_SCHPO	29.3	246	167	5	283	1017	950	1189	1.7e-21	105.1
NODE_44_length_1121_cov_12.707243	sp|P0CT39|TF26_SCHPO	29.3	246	167	5	283	1017	950	1189	1.7e-21	105.1
NODE_44_length_1121_cov_12.707243	sp|P0CT42|TF27_SCHPO	29.3	246	167	5	283	1017	950	1189	1.7e-21	105.1
NODE_44_length_1121_cov_12.707243	sp|P0CT43|TF28_SCHPO	29.3	246	167	5	283	1017	950	1189	1.7e-21	105.1
NODE_44_length_1121_cov_12.707243	sp|P0CT40|TF29_SCHPO	29.3	246	167	5	283	1017	950	1189	1.7e-21	105.1
NODE_46_length_1039_cov_467.413377	sp|P15563|YMN3_PODAN	38.2	249	152	2	175	921	147	393	3.7e-47	190.3
NODE_48_length_918_cov_0.954488	sp|P03873|MBI2_YEAST	29.9	194	125	7	579	19	194	383	2.7e-09	64.3
NODE_48_length_918_cov_0.954488	sp|Q9ZZX1|SCE4_YEAST	31.6	174	106	7	510	10	420	587	1.3e-08	62.0
NODE_69_length_626_cov_1.006012	sp|Q35136|IEND4_NEUCR	52.8	199	92	2	31	621	285	483	1.1e-46	188.0
NODE_82_length_550_cov_0.914894	sp|A3MK78|NDK_BURM7	100.0	46	0	0	165	302	76	121	2.5e-18	93.6
NODE_82_length_550_cov_0.914894	sp|A2S299|NDK_BURM9	100.0	46	0	0	165	302	76	121	2.5e-18	93.6
NODE_82_length_550_cov_0.914894	sp|Q62JW1|NDK_BURMA	100.0	46	0	0	165	302	76	121	2.5e-18	93.6
NODE_82_length_550_cov_0.914894	sp|A1V4K4|NDK_BURMS	100.0	46	0	0	165	302	76	121	2.5e-18	93.6
NODE_82_length_550_cov_0.914894	sp|A3NVX4|NDK_BURP0	100.0	46	0	0	165	302	76	121	2.5e-18	93.6
NODE_82_length_550_cov_0.914894	sp|Q3JRQ0|NDK_BURP1	100.0	46	0	0	165	302	76	121	2.5e-18	93.6
NODE_82_length_550_cov_0.914894	sp|A3NA57|NDK_BURP6	100.0	46	0	0	165	302	76	121	2.5e-18	93.6
NODE_82_length_550_cov_0.914894	sp|Q63UT6|NDK_BURPS	100.0	46	0	0	165	302	76	121	2.5e-18	93.6
NODE_82_length_550_cov_0.914894	sp|Q2SWE7|NDK_BURTA	100.0	46	0	0	165	302	76	121	2.5e-18	93.6
NODE_82_length_550_cov_0.914894	sp|B1YR47|NDK_BURA4	97.8	46	1	0	165	302	76	121	1.6e-17	90.9
NODE_82_length_550_cov_0.914894	sp|Q1BGX7|NDK_BURCA	97.8	46	1	0	165	302	76	121	1.6e-17	90.9
NODE_82_length_550_cov_0.914894	sp|B1JT95|NDK_BURCC	97.8	46	1	0	165	302	76	121	1.6e-17	90.9
NODE_82_length_550_cov_0.914894	sp|A0K7T9|NDK_BURCH	97.8	46	1	0	165	302	76	121	1.6e-17	90.9
NODE_82_length_550_cov_0.914894	sp|B4EAX2|NDK_BURCJ	97.8	46	1	0	165	302	76	121	1.6e-17	90.9
NODE_82_length_550_cov_0.914894	sp|Q0BEW4|NDK_BURCM	97.8	46	1	0	165	302	76	121	1.6e-17	90.9
NODE_82_length_550_cov_0.914894	sp|Q39FQ6|NDK_BURL3	97.8	46	1	0	165	302	76	121	1.6e-17	90.9
NODE_82_length_550_cov_0.914894	sp|A9AGZ3|NDK_BURM1	97.8	46	1	0	165	302	76	121	1.6e-17	90.9
NODE_82_length_550_cov_0.914894	sp|A4JEP3|NDK_BURVG	97.8	46	1	0	165	302	76	121	1.6e-17	90.9
NODE_82_length_550_cov_0.914894	sp|B1XXL7|NDK_LEPCP	97.8	46	1	0	165	302	76	121	1.6e-17	90.9
NODE_82_length_550_cov_0.914894	sp|B2JIV4|NDK_PARP8	97.8	46	1	0	165	302	76	121	1.6e-17	90.9
NODE_82_length_550_cov_0.914894	sp|B1XU72|NDK_POLNS	69.0	71	15	1	111	302	51	121	4.7e-17	89.4
NODE_82_length_550_cov_0.914894	sp|A9BMV7|NDK_DELAS	95.6	45	2	0	168	302	77	121	8.0e-17	88.6
NODE_82_length_550_cov_0.914894	sp|A4G4J8|NDK_HERAR	91.5	47	4	0	165	305	76	122	8.0e-17	88.6
NODE_82_length_550_cov_0.914894	sp|A6SZX4|NDK_JANMA	89.4	47	5	0	165	305	76	122	8.0e-17	88.6
NODE_82_length_550_cov_0.914894	sp|Q2Y6F2|NDK_NITMU	93.5	46	3	0	165	302	76	121	8.0e-17	88.6
NODE_82_length_550_cov_0.914894	sp|Q8Y033|NDK_RALSO	95.6	45	2	0	168	302	77	121	8.0e-17	88.6
NODE_82_length_550_cov_0.914894	sp|Q0K958|NDK_CUPNH	95.6	45	2	0	168	302	77	121	1.0e-16	88.2
NODE_82_length_550_cov_0.914894	sp|B3R1K6|NDK_CUPTR	95.6	45	2	0	168	302	77	121	1.0e-16	88.2
NODE_82_length_550_cov_0.914894	sp|B2SXT3|NDK_PARPJ	95.6	45	2	0	168	302	77	121	1.0e-16	88.2
NODE_82_length_550_cov_0.914894	sp|Q13X25|NDK_PARXL	95.6	45	2	0	168	302	77	121	1.0e-16	88.2
NODE_82_length_550_cov_0.914894	sp|A4SYE3|NDK_POLAQ	67.6	71	16	1	111	302	51	121	1.0e-16	88.2
NODE_82_length_550_cov_0.914894	sp|B2U9U5|NDK_RALPJ	95.6	45	2	0	168	302	77	121	1.0e-16	88.2
NODE_82_length_550_cov_0.914894	sp|Q1LLI7|NDK_CUPMC	95.6	45	2	0	168	302	77	121	1.4e-16	87.8
NODE_82_length_550_cov_0.914894	sp|A1K3Y5|NDK_AZOSB	74.2	62	15	1	120	302	60	121	3.0e-16	86.7
NODE_82_length_550_cov_0.914894	sp|Q46ZH9|NDK_CUPPJ	93.3	45	3	0	168	302	77	121	4.0e-16	86.3
NODE_82_length_550_cov_0.914894	sp|A1VNF0|NDK_POLNA	75.4	61	14	1	123	302	61	121	4.0e-16	86.3
NODE_82_length_550_cov_0.914894	sp|A1WE20|NDK_VEREI	89.1	46	5	0	165	302	76	121	4.0e-16	86.3
NODE_82_length_550_cov_0.914894	sp|A2SHB9|NDK_METPP	93.3	45	3	0	168	302	77	121	5.2e-16	85.9
NODE_82_length_550_cov_0.914894	sp|A1TM23|NDK_ACIAC	91.3	46	4	0	165	302	76	121	6.8e-16	85.5
NODE_82_length_550_cov_0.914894	sp|B6JKD1|NDK_HELP2	69.4	62	13	1	165	350	75	130	6.8e-16	85.5
NODE_82_length_550_cov_0.914894	sp|Q0AE38|NDK_NITEC	89.1	46	5	0	165	302	76	121	6.8e-16	85.5
NODE_82_length_550_cov_0.914894	sp|Q12AB4|NDK_POLSJ	77.0	61	13	1	123	302	61	121	6.8e-16	85.5
NODE_82_length_550_cov_0.914894	sp|A6V0V6|NDK_PSEA7	67.2	67	21	1	123	320	61	127	6.8e-16	85.5
NODE_82_length_550_cov_0.914894	sp|B7UWI4|NDK_PSEA8	67.2	67	21	1	123	320	61	127	6.8e-16	85.5
NODE_82_length_550_cov_0.914894	sp|Q02RW1|NDK_PSEAB	67.2	67	21	1	123	320	61	127	6.8e-16	85.5
NODE_82_length_550_cov_0.914894	sp|Q59636|NDK_PSEAE	67.2	67	21	1	123	320	61	127	6.8e-16	85.5
NODE_82_length_550_cov_0.914894	sp|Q7M7Z3|NDK_WOLSU	89.1	46	5	0	165	302	74	119	6.8e-16	85.5
NODE_82_length_550_cov_0.914894	sp|Q21W24|NDK_RHOFT	91.1	45	4	0	168	302	77	121	8.9e-16	85.1
NODE_82_length_550_cov_0.914894	sp|Q3SL74|NDK_THIDA	91.3	46	4	0	165	302	76	121	8.9e-16	85.1
NODE_82_length_550_cov_0.914894	sp|C5CXG2|NDK_VARPS	91.3	46	4	0	165	302	76	121	8.9e-16	85.1
NODE_104_length_500_cov_0.932976	sp|Q05852|GTAB_BACSU	55.3	47	21	0	172	312	30	76	1.7e-05	50.8
NODE_104_length_500_cov_0.932976	sp|Q9I291|GALU_PSEAE	62.9	35	13	0	202	306	38	72	3.7e-05	49.7
NODE_104_length_500_cov_0.932976	sp|Q4A122|GTAB1_STAS1	55.6	45	20	0	172	306	29	73	3.7e-05	49.7
NODE_104_length_500_cov_0.932976	sp|Q59633|GALU2_PSEAI	62.9	35	13	0	202	306	38	72	4.9e-05	49.3
NODE_104_length_500_cov_0.932976	sp|Q9F664|GALU_HAEDU	53.3	45	21	0	172	306	26	70	4.9e-05	49.3
NODE_104_length_500_cov_0.932976	sp|P0AEP5|GALU_ECO57	55.6	45	20	0	172	306	34	78	8.3e-05	48.5
NODE_104_length_500_cov_0.932976	sp|P0AEP4|GALU_ECOL6	55.6	45	20	0	172	306	34	78	8.3e-05	48.5
NODE_104_length_500_cov_0.932976	sp|P0AEP3|GALU_ECOLI	55.6	45	20	0	172	306	34	78	8.3e-05	48.5
NODE_104_length_500_cov_0.932976	sp|P0AEP6|GALU_SHIFL	55.6	45	20	0	172	306	34	78	8.3e-05	48.5
NODE_104_length_500_cov_0.932976	sp|Q5XE04|HASC1_STRP6	48.9	45	23	0	172	306	30	74	1.1e-04	48.1
NODE_104_length_500_cov_0.932976	sp|P67068|HASC2_STRP1	48.9	45	23	0	172	306	30	74	1.1e-04	48.1
NODE_104_length_500_cov_0.932976	sp|P0DG72|HASC2_STRP3	48.9	45	23	0	172	306	30	74	1.1e-04	48.1
NODE_104_length_500_cov_0.932976	sp|P67070|HASC2_STRP8	48.9	45	23	0	172	306	30	74	1.1e-04	48.1
NODE_104_length_500_cov_0.932976	sp|P0DG73|HASC2_STRPQ	48.9	45	23	0	172	306	30	74	1.1e-04	48.1
NODE_104_length_500_cov_0.932976	sp|P44878|GALU_HAEIN	53.3	45	21	0	172	306	26	70	1.4e-04	47.8
NODE_104_length_500_cov_0.932976	sp|Q2FE05|GTAB_STAA3	55.6	45	20	0	172	306	30	74	1.9e-04	47.4
NODE_104_length_500_cov_0.932976	sp|Q2G1T6|GTAB_STAA8	55.6	45	20	0	172	306	30	74	1.9e-04	47.4
NODE_104_length_500_cov_0.932976	sp|Q2YW63|GTAB_STAAB	55.6	45	20	0	172	306	30	74	1.9e-04	47.4
NODE_104_length_500_cov_0.932976	sp|Q5HD54|GTAB_STAAC	55.6	45	20	0	172	306	30	74	1.9e-04	47.4
NODE_104_length_500_cov_0.932976	sp|Q99RD4|GTAB_STAAM	55.6	45	20	0	172	306	30	74	1.9e-04	47.4
NODE_104_length_500_cov_0.932976	sp|Q7A3J9|GTAB_STAAN	55.6	45	20	0	172	306	30	74	1.9e-04	47.4
NODE_104_length_500_cov_0.932976	sp|Q6G6H5|GTAB_STAAS	55.6	45	20	0	172	306	30	74	1.9e-04	47.4
NODE_104_length_500_cov_0.932976	sp|Q8NUU9|GTAB_STAAW	55.6	45	20	0	172	306	30	74	1.9e-04	47.4
NODE_104_length_500_cov_0.932976	sp|Q6GDU6|GTAB_STAAR	53.3	45	21	0	172	306	30	74	2.4e-04	47.0
NODE_104_length_500_cov_0.932976	sp|O31822|YNGB_BACSU	48.9	45	23	0	172	306	31	75	2.4e-04	47.0
NODE_104_length_500_cov_0.932976	sp|P58313|CAP4C_STRPN	46.7	45	24	0	172	306	31	75	3.2e-04	46.6
NODE_104_length_500_cov_0.932976	sp|Q48447|GALF_KLEPN	51.1	45	22	0	172	306	31	75	3.2e-04	46.6
NODE_104_length_500_cov_0.932976	sp|P0A2K8|GALF_SALTI	51.1	45	22	0	172	306	29	73	3.2e-04	46.6
NODE_104_length_500_cov_0.932976	sp|P0A2K7|GALF_SALTY	51.1	45	22	0	172	306	29	73	3.2e-04	46.6
NODE_104_length_500_cov_0.932976	sp|P0C0I9|HASC1_STRP1	46.7	45	24	0	172	306	30	74	3.2e-04	46.6
NODE_104_length_500_cov_0.932976	sp|P0DG70|HASC1_STRP3	46.7	45	24	0	172	306	30	74	3.2e-04	46.6
NODE_104_length_500_cov_0.932976	sp|Q8NKW9|HASC1_STRP8	46.7	45	24	0	172	306	30	74	3.2e-04	46.6
NODE_104_length_500_cov_0.932976	sp|P0DG71|HASC1_STRPQ	46.7	45	24	0	172	306	30	74	3.2e-04	46.6
NODE_104_length_500_cov_0.932976	sp|Q5X9A7|HASC2_STRP6	46.7	45	24	0	172	306	30	74	3.2e-04	46.6
NODE_104_length_500_cov_0.932976	sp|P0C0I8|HASC_STRPY	46.7	45	24	0	172	306	30	74	3.2e-04	46.6
NODE_107_length_497_cov_0.940541	sp|P05444|CLPA_RHOBL	51.1	47	20	1	172	303	32	78	5.7e-06	52.4
NODE_107_length_497_cov_0.940541	sp|P0ABI1|CLPA_ECO57	62.9	35	13	0	199	303	21	55	6.3e-05	48.9
NODE_107_length_497_cov_0.940541	sp|P0ABI0|CLPA_ECOL6	62.9	35	13	0	199	303	21	55	6.3e-05	48.9
NODE_107_length_497_cov_0.940541	sp|P0ABH9|CLPA_ECOLI	62.9	35	13	0	199	303	21	55	6.3e-05	48.9
NODE_115_length_489_cov_1.162983	sp|P72366|CSPA_STIAD	80.8	26	5	0	181	104	1	26	6.3e-05	48.9
NODE_115_length_489_cov_1.162983	sp|P27484|GRP2_NICSY	72.0	25	7	0	178	104	9	33	6.9e-04	45.4
NODE_118_length_487_cov_0.966667	sp|Q62J00|RF2_BURMA	97.5	40	1	0	303	183	6	45	4.0e-12	72.8
NODE_118_length_487_cov_0.966667	sp|A3NX26|RF2_BURP0	97.5	40	1	0	303	183	6	45	4.0e-12	72.8
NODE_118_length_487_cov_0.966667	sp|Q63SP0|RF2_BURPS	97.5	40	1	0	303	183	6	45	4.0e-12	72.8
NODE_120_length_486_cov_0.969359	sp|C5B9W9|Y1636_EDWI9	56.8	37	16	0	187	297	11	47	2.1e-05	50.4
NODE_120_length_486_cov_0.969359	sp|A1JQJ6|Y2273_YERE8	56.8	37	16	0	187	297	11	47	2.1e-05	50.4
NODE_120_length_486_cov_0.969359	sp|B3PL49|Y2563_CELJU	63.4	41	13	1	190	306	12	52	2.1e-05	50.4
NODE_120_length_486_cov_0.969359	sp|Q1C7U5|Y1510_YERPA	54.1	37	17	0	187	297	11	47	4.8e-05	49.3
NODE_120_length_486_cov_0.969359	sp|Q1CJ81|Y1619_YERPN	54.1	37	17	0	187	297	11	47	4.8e-05	49.3
NODE_120_length_486_cov_0.969359	sp|A7FI87|Y1992_YERP3	54.1	37	17	0	187	297	11	47	4.8e-05	49.3
NODE_120_length_486_cov_0.969359	sp|Q66AQ1|Y2079_YERPS	54.1	37	17	0	187	297	11	47	4.8e-05	49.3
NODE_120_length_486_cov_0.969359	sp|B1JLG9|Y2102_YERPY	54.1	37	17	0	187	297	11	47	4.8e-05	49.3
NODE_120_length_486_cov_0.969359	sp|B2K3Q8|Y2141_YERPB	54.1	37	17	0	187	297	11	47	4.8e-05	49.3
NODE_120_length_486_cov_0.969359	sp|Q8ZEL2|Y2152_YERPE	54.1	37	17	0	187	297	11	47	4.8e-05	49.3
NODE_120_length_486_cov_0.969359	sp|A4TJB9|Y981_YERPP	54.1	37	17	0	187	297	11	47	4.8e-05	49.3
NODE_120_length_486_cov_0.969359	sp|C6DGV2|Y1960_PECCP	54.1	37	17	0	187	297	11	47	1.1e-04	48.1
NODE_120_length_486_cov_0.969359	sp|Q6D4P1|Y2349_PECAS	54.1	37	17	0	187	297	11	47	1.1e-04	48.1
NODE_120_length_486_cov_0.969359	sp|B2VJ29|Y1554_ERWT9	51.4	37	18	0	187	297	11	47	1.4e-04	47.8
NODE_120_length_486_cov_0.969359	sp|Q4ZMG0|Y4632_PSEU2	56.8	37	16	0	187	297	11	47	1.8e-04	47.4
NODE_120_length_486_cov_0.969359	sp|Q3K5S7|Y5140_PSEPF	56.8	37	16	0	187	297	11	47	1.8e-04	47.4
NODE_120_length_486_cov_0.969359	sp|Q88A51|Y546_PSESM	56.8	37	16	0	187	297	11	47	1.8e-04	47.4
NODE_120_length_486_cov_0.969359	sp|C3K332|Y5583_PSEFS	56.8	37	16	0	187	297	11	47	1.8e-04	47.4
NODE_120_length_486_cov_0.969359	sp|A6T7Q4|Y1164_KLEP7	54.1	37	17	0	187	297	11	47	2.4e-04	47.0
NODE_120_length_486_cov_0.969359	sp|A4W9G9|Y1670_ENT38	52.8	36	17	0	187	294	11	46	2.4e-04	47.0
NODE_120_length_486_cov_0.969359	sp|B5XS77|Y3252_KLEP3	54.1	37	17	0	187	297	11	47	2.4e-04	47.0
NODE_120_length_486_cov_0.969359	sp|P59351|Y396_PSEPK	56.8	37	16	0	187	297	11	47	2.4e-04	47.0
NODE_120_length_486_cov_0.969359	sp|Q1IG25|Y423_PSEE4	56.8	37	16	0	187	297	11	47	2.4e-04	47.0
NODE_120_length_486_cov_0.969359	sp|B0KJ88|Y427_PSEPG	56.8	37	16	0	187	297	11	47	2.4e-04	47.0
NODE_120_length_486_cov_0.969359	sp|A5VXJ0|Y430_PSEP1	56.8	37	16	0	187	297	11	47	2.4e-04	47.0
NODE_120_length_486_cov_0.969359	sp|B1JDX9|Y4806_PSEPW	56.8	37	16	0	187	297	11	47	2.4e-04	47.0
NODE_120_length_486_cov_0.969359	sp|B7V4H3|Y584_PSEA8	56.8	37	16	0	187	297	11	47	2.4e-04	47.0
NODE_120_length_486_cov_0.969359	sp|Q9I5V0|Y587_PSEAE	56.8	37	16	0	187	297	11	47	2.4e-04	47.0
NODE_120_length_486_cov_0.969359	sp|A6UZ90|Y730_PSEA7	56.8	37	16	0	187	297	11	47	2.4e-04	47.0
NODE_120_length_486_cov_0.969359	sp|Q02TH6|Y766_PSEAB	56.8	37	16	0	187	297	11	47	2.4e-04	47.0
NODE_120_length_486_cov_0.969359	sp|A8GFE3|Y2732_SERP5	50.0	36	18	0	187	294	11	46	3.1e-04	46.6
NODE_120_length_486_cov_0.969359	sp|C5BPC3|Y3150_TERTT	61.1	36	14	0	190	297	12	47	3.1e-04	46.6
NODE_120_length_486_cov_0.969359	sp|A7ZMQ4|YEAH_ECO24	52.8	36	17	0	187	294	11	46	3.1e-04	46.6
NODE_120_length_486_cov_0.969359	sp|B7USG4|YEAH_ECO27	52.8	36	17	0	187	294	11	46	3.1e-04	46.6
NODE_120_length_486_cov_0.969359	sp|B7MBJ2|YEAH_ECO45	52.8	36	17	0	187	294	11	46	3.1e-04	46.6
NODE_120_length_486_cov_0.969359	sp|B7L6Q9|YEAH_ECO55	52.8	36	17	0	187	294	11	46	3.1e-04	46.6
NODE_120_length_486_cov_0.969359	sp|Q8XDT8|YEAH_ECO57	52.8	36	17	0	187	294	11	46	3.1e-04	46.6
NODE_120_length_486_cov_0.969359	sp|B5YQ77|YEAH_ECO5E	52.8	36	17	0	187	294	11	46	3.1e-04	46.6
NODE_120_length_486_cov_0.969359	sp|B7NSZ2|YEAH_ECO7I	52.8	36	17	0	187	294	11	46	3.1e-04	46.6
NODE_120_length_486_cov_0.969359	sp|B7MVR5|YEAH_ECO81	52.8	36	17	0	187	294	11	46	3.1e-04	46.6
NODE_120_length_486_cov_0.969359	sp|B7M1J8|YEAH_ECO8A	52.8	36	17	0	187	294	11	46	3.1e-04	46.6
NODE_120_length_486_cov_0.969359	sp|C4ZZE0|YEAH_ECOBW	52.8	36	17	0	187	294	11	46	3.1e-04	46.6
NODE_120_length_486_cov_0.969359	sp|B1XGP4|YEAH_ECODH	52.8	36	17	0	187	294	11	46	3.1e-04	46.6
NODE_120_length_486_cov_0.969359	sp|A8A0X7|YEAH_ECOHS	52.8	36	17	0	187	294	11	46	3.1e-04	46.6
NODE_120_length_486_cov_0.969359	sp|A1ABW3|YEAH_ECOK1	52.8	36	17	0	187	294	11	46	3.1e-04	46.6
NODE_120_length_486_cov_0.969359	sp|Q0TH44|YEAH_ECOL5	52.8	36	17	0	187	294	11	46	3.1e-04	46.6
NODE_120_length_486_cov_0.969359	sp|P59349|YEAH_ECOL6	52.8	36	17	0	187	294	11	46	3.1e-04	46.6
NODE_120_length_486_cov_0.969359	sp|B1IPE7|YEAH_ECOLC	52.8	36	17	0	187	294	11	46	3.1e-04	46.6
NODE_120_length_486_cov_0.969359	sp|P76235|YEAH_ECOLI	52.8	36	17	0	187	294	11	46	3.1e-04	46.6
NODE_120_length_486_cov_0.969359	sp|B7NBC9|YEAH_ECOLU	52.8	36	17	0	187	294	11	46	3.1e-04	46.6
NODE_120_length_486_cov_0.969359	sp|B6IBK5|YEAH_ECOSE	52.8	36	17	0	187	294	11	46	3.1e-04	46.6
NODE_120_length_486_cov_0.969359	sp|B1LD92|YEAH_ECOSM	52.8	36	17	0	187	294	11	46	3.1e-04	46.6
NODE_120_length_486_cov_0.969359	sp|Q1RB08|YEAH_ECOUT	52.8	36	17	0	187	294	11	46	3.1e-04	46.6
NODE_120_length_486_cov_0.969359	sp|B7LSN5|YEAH_ESCF3	52.8	36	17	0	187	294	11	46	3.1e-04	46.6
NODE_120_length_486_cov_0.969359	sp|Q321S2|YEAH_SHIBS	52.8	36	17	0	187	294	11	46	3.1e-04	46.6
NODE_120_length_486_cov_0.969359	sp|Q2NTA6|Y1344_SODGM	48.6	37	19	0	187	297	11	47	4.0e-04	46.2
NODE_120_length_486_cov_0.969359	sp|Q21MT5|Y732_SACD2	60.0	35	14	0	190	294	12	46	4.0e-04	46.2
NODE_131_length_487_cov_1.005780	sp|P0ACY5|YEAG_ECO57	57.8	45	19	0	305	171	333	377	6.0e-08	58.9
NODE_131_length_487_cov_1.005780	sp|P0ACY4|YEAG_ECOL6	57.8	45	19	0	305	171	333	377	6.0e-08	58.9
NODE_131_length_487_cov_1.005780	sp|P0ACY3|YEAG_ECOLI	57.8	45	19	0	305	171	333	377	6.0e-08	58.9
NODE_132_length_472_cov_1.008696	sp|Q9HZ71|RS1_PSEAE	65.5	55	19	0	309	144	319	373	3.9e-12	72.8
NODE_143_length_467_cov_0.811765	sp|P0C2J7|YH41B_YEAST	26.8	123	88	2	385	24	628	750	5.0e-04	45.8
NODE_143_length_467_cov_0.811765	sp|P47024|YJ41B_YEAST	26.8	123	88	2	385	24	629	751	5.0e-04	45.8
NODE_143_length_467_cov_0.811765	sp|A0A0B7P3V8|YP41B_YEAST	26.8	123	88	2	385	24	628	750	5.0e-04	45.8
NODE_147_length_465_cov_0.976331	sp|B7GZ21|MNMA_ACIB3	83.3	54	8	1	165	326	207	259	4.7e-18	92.4
NODE_147_length_465_cov_0.976331	sp|B7I4K8|MNMA_ACIB5	83.3	54	8	1	165	326	207	259	4.7e-18	92.4
NODE_147_length_465_cov_0.976331	sp|B2HVN5|MNMA_ACIBC	83.3	54	8	1	165	326	207	259	4.7e-18	92.4
NODE_147_length_465_cov_0.976331	sp|B0VUD6|MNMA_ACIBS	83.3	54	8	1	165	326	207	259	4.7e-18	92.4
NODE_147_length_465_cov_0.976331	sp|A3M7G3|MNMA_ACIBT	83.3	54	8	1	165	326	207	259	4.7e-18	92.4
NODE_147_length_465_cov_0.976331	sp|B0VBY5|MNMA_ACIBY	83.3	54	8	1	165	326	207	259	4.7e-18	92.4
NODE_147_length_465_cov_0.976331	sp|Q6FCW2|MNMA_ACIAD	91.3	46	4	0	165	302	207	252	6.1e-18	92.0
NODE_150_length_461_cov_1.035928	sp|Q8XZR3|MOAE_RALSO	58.7	46	19	0	293	156	1	46	5.1e-09	62.4
NODE_151_length_459_cov_1.048193	sp|A3MKQ7|GUAA_BURM7	97.9	48	1	0	157	300	293	340	3.2e-19	96.3
NODE_151_length_459_cov_1.048193	sp|A2SBA7|GUAA_BURM9	97.9	48	1	0	157	300	293	340	3.2e-19	96.3
NODE_151_length_459_cov_1.048193	sp|Q62JF6|GUAA_BURMA	97.9	48	1	0	157	300	293	340	3.2e-19	96.3
NODE_151_length_459_cov_1.048193	sp|A1V534|GUAA_BURMS	97.9	48	1	0	157	300	293	340	3.2e-19	96.3
NODE_151_length_459_cov_1.048193	sp|A3NWJ3|GUAA_BURP0	97.9	48	1	0	157	300	293	340	3.2e-19	96.3
NODE_151_length_459_cov_1.048193	sp|Q3JR65|GUAA_BURP1	97.9	48	1	0	157	300	301	348	3.2e-19	96.3
NODE_151_length_459_cov_1.048193	sp|A3NAR3|GUAA_BURP6	97.9	48	1	0	157	300	293	340	3.2e-19	96.3
NODE_151_length_459_cov_1.048193	sp|Q63T42|GUAA_BURPS	97.9	48	1	0	157	300	301	348	3.2e-19	96.3
NODE_151_length_459_cov_1.048193	sp|B3R290|GUAA_CUPTR	89.6	48	5	0	157	300	293	340	2.3e-17	90.1
NODE_151_length_459_cov_1.048193	sp|Q470G4|GUAA_CUPPJ	89.6	48	5	0	157	300	293	340	3.0e-17	89.7
NODE_151_length_459_cov_1.048193	sp|A9AIP4|GUAA_BURM1	91.7	48	4	0	157	300	293	340	3.9e-17	89.4
NODE_151_length_459_cov_1.048193	sp|B2UBD1|GUAA_RALPJ	89.6	48	5	0	157	300	293	340	5.1e-17	89.0
NODE_151_length_459_cov_1.048193	sp|Q0KA43|GUAA_CUPNH	87.5	48	6	0	157	300	293	340	6.7e-17	88.6
NODE_151_length_459_cov_1.048193	sp|Q1LND0|GUAA_CUPMC	87.5	48	6	0	157	300	293	340	8.7e-17	88.2
NODE_152_length_458_cov_1.051360	sp|P37902|GLTI_ECOLI	70.3	37	11	0	302	192	266	302	3.0e-09	63.2
NODE_152_length_458_cov_1.051360	sp|Q9ZF60|GLTI_SALTY	70.3	37	11	0	302	192	266	302	5.1e-09	62.4
NODE_156_length_450_cov_0.873065	sp|Q62IP2|NUOH_BURMA	98.1	52	1	0	146	301	269	320	1.0e-22	107.8
NODE_156_length_450_cov_0.873065	sp|A3NTB3|NUOH_BURP0	98.1	52	1	0	146	301	269	320	1.0e-22	107.8
NODE_156_length_450_cov_0.873065	sp|Q3JUA2|NUOH_BURP1	98.1	52	1	0	146	301	269	320	1.0e-22	107.8
NODE_156_length_450_cov_0.873065	sp|A3N7M4|NUOH_BURP6	98.1	52	1	0	146	301	269	320	1.0e-22	107.8
NODE_156_length_450_cov_0.873065	sp|Q63VM6|NUOH_BURPS	98.1	52	1	0	146	301	269	320	1.0e-22	107.8
NODE_156_length_450_cov_0.873065	sp|Q2SZM8|NUOH_BURTA	96.2	52	2	0	146	301	269	320	1.4e-22	107.5
NODE_156_length_450_cov_0.873065	sp|Q1BV20|NUOH_BURCA	94.2	52	3	0	146	301	269	320	4.0e-22	105.9
NODE_156_length_450_cov_0.873065	sp|B1JVN4|NUOH_BURCC	94.2	52	3	0	146	301	269	320	4.0e-22	105.9
NODE_156_length_450_cov_0.873065	sp|A0K916|NUOH_BURCH	94.2	52	3	0	146	301	269	320	4.0e-22	105.9
NODE_156_length_450_cov_0.873065	sp|A4JGC3|NUOH_BURVG	94.2	52	3	0	146	301	269	320	4.0e-22	105.9
NODE_156_length_450_cov_0.873065	sp|B1YTQ0|NUOH_BURA4	92.3	52	4	0	146	301	269	320	5.2e-22	105.5
NODE_156_length_450_cov_0.873065	sp|Q0BDD7|NUOH_BURCM	92.3	52	4	0	146	301	269	320	5.2e-22	105.5
NODE_156_length_450_cov_0.873065	sp|B4E5L5|NUOH_BURCJ	92.3	52	4	0	146	301	269	320	1.2e-21	104.4
NODE_156_length_450_cov_0.873065	sp|A9AFZ4|NUOH_BURM1	92.3	52	4	0	146	301	269	320	1.2e-21	104.4
NODE_156_length_450_cov_0.873065	sp|Q39EF2|NUOH_BURL3	92.3	52	4	0	146	301	269	320	2.6e-21	103.2
NODE_166_length_441_cov_0.767516	sp|P15563|YMN3_PODAN	39.1	156	79	3	3	422	226	381	2.3e-14	80.1
NODE_171_length_438_cov_1.102894	sp|B1YRD6|RS3_BURA4	94.6	56	3	0	136	303	33	88	2.3e-22	106.7
NODE_171_length_438_cov_1.102894	sp|Q1BRV4|RS3_BURCA	94.6	56	3	0	136	303	33	88	2.3e-22	106.7
NODE_171_length_438_cov_1.102894	sp|B1JU28|RS3_BURCC	94.6	56	3	0	136	303	33	88	2.3e-22	106.7
NODE_171_length_438_cov_1.102894	sp|A0K3N1|RS3_BURCH	94.6	56	3	0	136	303	33	88	2.3e-22	106.7
NODE_171_length_438_cov_1.102894	sp|B4E5C6|RS3_BURCJ	94.6	56	3	0	136	303	33	88	2.3e-22	106.7
NODE_171_length_438_cov_1.102894	sp|Q0BJ40|RS3_BURCM	94.6	56	3	0	136	303	33	88	2.3e-22	106.7
NODE_171_length_438_cov_1.102894	sp|Q39KG1|RS3_BURL3	94.6	56	3	0	136	303	33	88	2.3e-22	106.7
NODE_171_length_438_cov_1.102894	sp|A4JAP6|RS3_BURVG	94.6	56	3	0	136	303	33	88	2.3e-22	106.7
NODE_171_length_438_cov_1.102894	sp|A9ADJ9|RS3_BURM1	94.6	56	3	0	136	303	33	88	6.6e-22	105.1
NODE_171_length_438_cov_1.102894	sp|A3MRW0|RS3_BURM7	94.6	56	3	0	136	303	33	88	6.6e-22	105.1
NODE_171_length_438_cov_1.102894	sp|A2S7I2|RS3_BURM9	94.6	56	3	0	136	303	33	88	6.6e-22	105.1
NODE_171_length_438_cov_1.102894	sp|Q62GL1|RS3_BURMA	94.6	56	3	0	136	303	33	88	6.6e-22	105.1
NODE_171_length_438_cov_1.102894	sp|A1V897|RS3_BURMS	94.6	56	3	0	136	303	33	88	6.6e-22	105.1
NODE_171_length_438_cov_1.102894	sp|A3P0A7|RS3_BURP0	94.6	56	3	0	136	303	33	88	6.6e-22	105.1
NODE_171_length_438_cov_1.102894	sp|Q3JMR9|RS3_BURP1	94.6	56	3	0	136	303	33	88	6.6e-22	105.1
NODE_171_length_438_cov_1.102894	sp|A3NEH3|RS3_BURP6	94.6	56	3	0	136	303	33	88	6.6e-22	105.1
NODE_171_length_438_cov_1.102894	sp|Q63Q17|RS3_BURPS	94.6	56	3	0	136	303	33	88	6.6e-22	105.1
NODE_171_length_438_cov_1.102894	sp|B2JI60|RS3_PARP8	94.6	56	3	0	136	303	33	88	6.6e-22	105.1
NODE_171_length_438_cov_1.102894	sp|B2T745|RS3_PARPJ	94.6	56	3	0	136	303	33	88	6.6e-22	105.1
NODE_171_length_438_cov_1.102894	sp|Q2SU33|RS3_BURTA	92.9	56	4	0	136	303	33	88	8.6e-22	104.8
NODE_171_length_438_cov_1.102894	sp|Q13TH6|RS3_PARXL	92.9	56	4	0	136	303	33	88	1.5e-21	104.0
NODE_171_length_438_cov_1.102894	sp|B2UEL3|RS3_RALPJ	80.6	62	12	0	118	303	27	88	8.1e-20	98.2
NODE_171_length_438_cov_1.102894	sp|Q8XV18|RS3_RALSO	80.6	62	12	0	118	303	27	88	8.1e-20	98.2
NODE_171_length_438_cov_1.102894	sp|Q1LI43|RS3_CUPMC	79.0	62	13	0	118	303	27	88	1.4e-19	97.4
NODE_177_length_432_cov_1.140984	sp|B1YV94|RL28_BURA4	100.0	40	0	0	128	247	38	77	2.6e-15	83.2
NODE_177_length_432_cov_1.140984	sp|Q1BUB1|RL28_BURCA	100.0	40	0	0	128	247	38	77	2.6e-15	83.2
NODE_177_length_432_cov_1.140984	sp|B1JXB3|RL28_BURCC	100.0	40	0	0	128	247	38	77	2.6e-15	83.2
NODE_177_length_432_cov_1.140984	sp|A0K9S5|RL28_BURCH	100.0	40	0	0	128	247	38	77	2.6e-15	83.2
NODE_177_length_432_cov_1.140984	sp|B4E8Y7|RL28_BURCJ	100.0	40	0	0	128	247	38	77	2.6e-15	83.2
NODE_177_length_432_cov_1.140984	sp|Q0BCL8|RL28_BURCM	100.0	40	0	0	128	247	38	77	2.6e-15	83.2
NODE_177_length_432_cov_1.140984	sp|Q39DN8|RL28_BURL3	100.0	40	0	0	128	247	38	77	2.6e-15	83.2
NODE_177_length_432_cov_1.140984	sp|A9AHD5|RL28_BURM1	100.0	40	0	0	128	247	38	77	2.6e-15	83.2
NODE_177_length_432_cov_1.140984	sp|A2S4Y9|RL28_BURM9	100.0	40	0	0	128	247	38	77	2.6e-15	83.2
NODE_177_length_432_cov_1.140984	sp|Q62HM5|RL28_BURMA	100.0	40	0	0	128	247	38	77	2.6e-15	83.2
NODE_177_length_432_cov_1.140984	sp|A3NSE3|RL28_BURP0	100.0	40	0	0	128	247	38	77	2.6e-15	83.2
NODE_177_length_432_cov_1.140984	sp|Q3JV54|RL28_BURP1	100.0	40	0	0	128	247	38	77	2.6e-15	83.2
NODE_177_length_432_cov_1.140984	sp|A3N6Q8|RL28_BURP6	100.0	40	0	0	128	247	38	77	2.6e-15	83.2
NODE_177_length_432_cov_1.140984	sp|Q63WH3|RL28_BURPS	100.0	40	0	0	128	247	38	77	2.6e-15	83.2
NODE_177_length_432_cov_1.140984	sp|Q2T0G3|RL28_BURTA	100.0	40	0	0	128	247	38	77	2.6e-15	83.2
NODE_177_length_432_cov_1.140984	sp|A4JH22|RL28_BURVG	100.0	40	0	0	128	247	38	77	2.6e-15	83.2
NODE_177_length_432_cov_1.140984	sp|B2JDZ9|RL28_PARP8	100.0	40	0	0	128	247	38	77	2.6e-15	83.2
NODE_177_length_432_cov_1.140984	sp|Q13UX2|RL28_PARXL	97.4	39	1	0	131	247	39	77	2.9e-14	79.7
NODE_177_length_432_cov_1.140984	sp|A1TSP7|RL28_ACIAC	92.5	40	3	0	128	247	38	77	1.1e-13	77.8
NODE_177_length_432_cov_1.140984	sp|A9BNU9|RL28_DELAS	92.5	40	3	0	128	247	38	77	1.1e-13	77.8
NODE_177_length_432_cov_1.140984	sp|Q21TL4|RL28_RHOFT	87.5	40	5	0	128	247	38	77	1.1e-13	77.8
NODE_177_length_432_cov_1.140984	sp|B9MEB7|RL28_ACIET	90.0	40	4	0	128	247	38	77	1.9e-13	77.0
NODE_177_length_432_cov_1.140984	sp|A1WB79|RL28_ACISJ	90.0	40	4	0	128	247	38	77	1.9e-13	77.0
NODE_177_length_432_cov_1.140984	sp|B2T6H7|RL28_PARPJ	94.9	39	2	0	131	247	39	77	2.5e-13	76.6
NODE_177_length_432_cov_1.140984	sp|Q3SFR4|RL28_THIDA	90.0	40	4	0	128	247	38	77	3.2e-13	76.3
